全衣柜编号,名称,分类编号,心级,类型,华丽,简约,优雅,活泼,成熟,可爱,性感,清纯,清凉,保暖,标签,标签,获取途径,套装,版本号
80001,蝴蝶结头饰·红,001,3,头饰,A,,,A,,A,,S,S,,,,3-3少,,V1.3.2
80002,蝴蝶结头饰·粉,002,3,头饰,A,,,A,,S,,S,S,,,,设·定001,,V1.3.2
80003,蝴蝶结头饰·黄,003,3,头饰,A,,,S,,A,,A,A,,,,设·定001,,V1.3.2
80004,花朵发箍·蓝,004,3,头饰,,S,,A,,A,,S,A,,,,店·金币/浪·迷/浪·幻,,V1.3.2
80005,花朵发箍·粉,005,3,头饰,,A,,A,,A,,A,A,,,,设·定004,,V1.3.2
80006,方巾·粉,006,2,头饰,,A,B,,,S,,A,A,,,,店·金币/浪·迷/9-5少/6-3少,,V1.3.2
80007,方巾·蓝,007,2,头饰,,A,,B,,S,,S,A,,,,店·金币/浪·迷,,V1.3.2
80008,方巾·黄,008,1,头饰,,B,,B,,S,,A,A,,,,店·钻石/浪·迷,,V1.3.2
80009,樱桃蜜语·粉,009,4,头饰,,A,,S,,A,,S,S,,,,浪·迷/浪·幻,,V1.3.2
80010,樱桃蜜语·黄,010,4,头饰,,S,,S,,A,,S,S,,,,设·定009,,V1.3.2
80011,樱桃蜜语·紫,011,4,头饰,,A,,S,,S,,S,S,,,,设·定009,,V1.3.2
80012,皮质手套,012,2,手饰*双,,A,,S,A,,A,,,A,中性风,摇滚风,店·金币/浪·迷,,V1.3.2
80013,时间观念,013,1,手饰*左,,S,A,,B,,,C,A,,中性风,英伦,店·金币/浪·迷,,V1.3.2
80014,朋克手镯,014,1,手饰*右,,A,A,,A,,,C,S,,中性风,,店·金币/浪·迷,,V1.3.2
80015,黑白腕带,015,1,手饰*双,,B,,A,,A,,B,,A,中性风,,赠·成就,,V1.3.2
80016,趣味帽,016,3,头饰,,A,,S,,S,A,,,A,中性风,防晒,赠·成就,,V1.3.2
80017,戒备时刻,017,2,特殊*脸部,,S,,B,A,,,B,S,,中性风,防晒,店·金币/浪·迷,,V1.3.2
80018,星星项链,018,3,颈饰*项链,,S,B,,,S,,A,S,,中性风,,赠·成就,,V1.3.2
80019,白喵耳饰,019,4,头饰,S,,,S,,S,,A,S,,小动物,,浪·迷,,V1.3.2
80020,金喵耳饰,020,4,头饰,A,,,S,,S,,A,S,,小动物,,设·定019,,V1.3.2
80021,花喵耳饰,021,4,头饰,A,,,S,,S,,S,S,,小动物,,设·定019,虎皮喵星人,V1.3.2
80022,白喵手套,022,4,手饰*双,,SS,S,,,S,,S,,S,小动物,,浪·迷,,V1.3.2
80023,金喵手套,023,4,手饰*双,,S,A,,,S,,S,,S,小动物,,设·定022,,V1.3.2
80024,花喵手套,024,4,手饰*双,,A,,A,,SS,,S,,S,小动物,,设·定022,虎皮喵星人,V1.3.2
80025,白喵尾,025,4,特殊*尾部,S,,,S,,S,,B,S,,小动物,,浪·迷,,V1.3.2
80026,金喵尾,026,4,特殊*尾部,S,,,S,,SS,A,,S,,小动物,,设·定025,,V1.3.2
80027,花喵尾,027,4,特殊*尾部,S,,,S,,S,A,,S,,小动物,,设·定025,虎皮喵星人,V1.3.2
80028,摘星·红,028,5,头饰,S,,,A,,S,,S,A,,,,浪·迷,,V1.3.2
80029,摘星·青,029,5,头饰,S,,,A,,SS,,S,A,,,,设·定028,,V1.3.2
80030,摘星·蓝,030,5,头饰,S,,,S,,SS,,S,S,,,,设·定028,仲夏星辰,V1.3.2
80031,泰迪王子·棕,031,5,头饰,S,,,S,,S,,S,S,,小动物,,浪·迷,,V1.3.2
80032,泰迪王子·白,032,5,头饰,SS,,,S,,S,,S,S,,小动物,,设·定031,,V1.3.2
80033,泰迪王子·黑,033,5,头饰,S,,,S,,A,,S,S,,小动物,,设·定031,棉花糖泰迪,V1.3.2
80034,红女巫披肩,034,3,颈饰*围巾,B,,S,,S,,S,,,A,,,店·金币/浪·迷/浪·幻,,V1.3.2
80035,薄纱披肩,035,1,颈饰*围巾,,B,A,,A,,B,,A,,,,4-8少/赠·成就,,V1.3.2
80036,蔷薇礼帽,036,5,头饰,SS,,S,,,SS,,SS,B,,洛丽塔,,赠·过关,蔷薇少女,V1.3.2
80037,蔷薇链,037,3,腰饰,S,,,A,,S,,B,A,,,,赠·过关,蔷薇少女,V1.3.2
80038,蔷薇颈圈,038,3,颈饰*项链,,A,,A,,S,,S,A,,洛丽塔,,赠·过关,蔷薇少女,V1.3.2
80039,蔷薇恋,039,4,手持*左,,S,,S,,S,,S,S,,洛丽塔,,赠·过关,蔷薇少女,V1.3.2
80040,齿轮礼帽,040,4,头饰,S,,S,,B,,,SS,A,,欧式古典,,兑·仙履,蒸汽时代,V1.3.2
80041,复古单镜,041,4,特殊*脸部,S,,SS,,,B,,B,S,,英伦,,兑·仙履,蒸汽时代,V1.3.2
80042,复古手杖,042,5,手持*左,,S,S,,A,,,S,S,,英伦,,兑·仙履,蒸汽时代,V1.3.2
80043,蒸汽腰带,043,4,腰饰,SS,,A,,,B,,B,SS,,英伦,,兑·仙履,蒸汽时代,V1.3.2
80044,金片扇,044,3,手持*右,S,,S,,S,,A,,A,,欧式古典,,浪·幻,公爵的千金,V1.3.2
80045,镶花礼帽,045,5,头饰,SS,,S,,,A,,A,,S,防晒,大小姐,浪·幻,公爵的千金,V1.3.2
80046,丝绸手套,046,3,手饰*双,,B,S,,S,,A,,,A,大小姐,,浪·幻,公爵的千金,V1.3.2
80047,华莺,047,3,颈饰*项链,S,,A,,,S,,B,S,,大小姐,,浪·幻,公爵的千金,V1.3.2
80048,贵妇礼帽,048,5,头饰,SS,,SS,,,A,B,,,SS,欧式古典,,浪·幻,贵妇雍容,V1.3.2
80049,金玉烟斗,049,4,手持*左,S,,A,,S,,S,,S,,欧式古典,,浪·幻,贵妇雍容,V1.3.2
80050,百合宝石,050,4,头饰,S,,SS,,,B,,B,S,,女神系,,设·图,百合花精,V1.3.2
80051,翅影披风,051,2,颈饰*围巾,B,,S,,B,,,B,A,,女神系,,设·图,百合花精,V1.3.2
80052,百合手环,052,5,手饰*左,SS,,SS,,,A,,B,S,,女神系,,设·图,百合花精,V1.3.2
80053,百合腰饰,053,5,腰饰,SS,,SS,,,B,S,,S,,,,设·图,百合花精,V1.3.2
80054,百合灵石,054,4,颈饰*项链,S,,SS,,A,,B,,SS,,,,设·图,百合花精,V1.3.2
80055,花灵手套,055,4,手饰*双,S,,S,,A,,A,,,S,婚纱,,设·图,百合花精,V1.3.2
80056,酸柠檬,056,4,头饰,S,,,S,,S,,S,A,,,,浪·迷/浪·幻/赠·签到,,V1.3.2
80057,欧式礼帽·蓝,057,3,头饰,S,,S,,,A,,A,,A,,,店·金币/浪·迷/浪·幻,,V1.3.2
80058,欧式礼帽·红,058,3,头饰,S,,S,,,A,,A,,B,,,设·定057,,V1.3.2
80059,欧式礼帽·粉,059,3,头饰,A,,S,,,S,,S,,A,,,设·定057,,V1.3.2
80060,针织披肩·黄,060,3,颈饰*围巾,,A,B,,,A,,S,,A,,,店·金币/浪·迷/浪·幻,,V1.3.2
80061,针织披肩·红,061,3,颈饰*围巾,,A,,A,,S,,A,,A,,,设·定060,,V1.3.2
80062,针织披肩·白,062,3,颈饰*围巾,,S,,B,,S,,S,,A,,,设·定060,,V1.3.2
80063,针织披肩·蓝,063,3,颈饰*围巾,,A,,A,,S,,A,,A,,,设·定060,,V1.3.2
80064,近视眼镜,064,2,特殊*脸部,,A,A,,,C,,S,S,,OL,,店·金币/浪·迷,,V1.3.2
80065,白色腰带,065,1,腰饰,,A,A,,A,,B,,B,,,,店·金币/浪·迷,,V1.3.2
80066,莺语,066,4,头饰,,S,S,,,S,,A,A,,中式古典,,浪·迷/浪·幻/浪·缥缈/7-5公/6-支3公,,V1.3.2
80067,莺语·华丽,067,5,头饰,S,,S,,,S,,S,S,,中式古典,,设·进066,绿烟拂柳,V1.3.2
80068,午茶,068,3,头饰,,S,S,,,C,,B,,S,英伦,,店·金币/浪·迷/浪·幻,,V1.3.2
80069,惬意,069,3,头饰,,S,S,,B,,,S,,S,英伦,,店·金币/浪·迷/浪·幻,,V1.3.2
80070,深秋重逢,070,3,颈饰*围巾,,S,S,,S,,,A,,A,英伦,,浪·迷/浪·幻,,V1.3.2
80071,护士手套,071,4,手饰*双,,S,,S,,S,A,,,A,医务使者,,赠·过关,白衣天使,V1.3.2
80072,护士帽,072,3,头饰,,S,,A,,A,A,,S,,医务使者,,4-7少/联盟·小铺,白衣天使,V1.3.2
80073,鱼恋,073,3,手持*左,,S,,A,,A,,A,S,,和风,,店·钻石/浪·迷/浪·幻,,V1.3.2
80074,和扇·西情,074,2,手持*右,,A,,A,,A,,S,S,,和风,,店·钻石/浪·迷,,V1.3.2
80075,牛仔耳环,075,3,耳饰,,S,B,,A,,A,,S,,,,浪·迷/浪·幻/5-支2公,,V1.3.2
80076,牛仔耳环·华丽,076,4,耳饰,,S,A,,S,,S,,S,,,,设·进075,牛仔风情,V1.3.2
80077,牛仔帽,077,3,头饰,,A,,A,,S,A,,S,,中性风,,3-支1公/4-支3公,,V1.3.2
80078,牛仔帽·华丽,078,4,头饰,S,,,S,,B,S,,S,,中性风,,设·进077,牛仔风情,V1.3.2
80079,牛仔围巾,079,3,颈饰*围巾,,A,B,,,S,,S,,A,侠客联盟,,浪·迷/浪·幻/5-9公,,V1.3.2
80080,牛仔围巾·华丽,080,4,颈饰*围巾,,B,,S,,S,,S,,S,侠客联盟,,设·进079,牛仔风情,V1.3.2
80081,小女仆·头饰,081,3,头饰,,A,A,,,S,A,,S,,女仆装,,浪·迷/浪·幻/3-支2公,,V1.3.2
80082,甜心女仆·头饰,082,4,头饰,,A,S,,,S,A,,A,,女仆装,,设·进081/浪·迷/浪·幻,,V1.3.2
80083,女仆头巾箍,083,5,头饰,S,,S,,,S,S,,S,,女仆装,,设·进082,巧克力女仆,V1.3.2
80084,小女仆·颈饰,084,3,颈饰*项链,,S,S,,,B,S,,A,,女仆装,,浪·迷/浪·幻/6-3公/4-10公,,V1.3.2
80085,甜心女仆·颈饰,085,4,颈饰*项链,,A,,S,,S,A,,A,,女仆装,,设·进084/浪·迷/浪·幻,,V1.3.2
80086,女仆颈圈,086,5,颈饰*项链,S,,,S,,S,S,,S,,女仆装,,设·进085,巧克力女仆,V1.3.2
80087,小女仆·袖口,087,3,手饰*双,,A,S,,,S,A,,S,,女仆装,,浪·迷/浪·幻/4-7公/6-9公,,V1.3.2
80088,甜心女仆·袖口,088,4,手饰*双,,A,A,,,SS,S,,S,,女仆装,,设·进087/浪·迷/浪·幻,,V1.3.2
80089,女仆袖口,089,5,手饰*双,,S,SS,,,S,S,,S,,女仆装,,设·进088,巧克力女仆,V1.3.2
80090,真皮钱包,090,4,手持*右,,A,S,,S,,S,,A,,,,赠·成就,,V1.3.2
80091,珍珠链,091,2,颈饰*项链,,B,S,,,B,,B,S,,,,浪·迷,,V1.3.2
80092,街风黑帽,092,2,头饰,,A,S,,A,,A,,,A,中性风,,浪·迷,,V1.3.2
80093,迷之链牌,093,1,颈饰*项链,,A,S,,,B,,C,S,,,,赠·成就,,V1.3.2
80094,花满,094,3,头饰,,S,B,,,A,S,,S,,,,浪·迷/浪·幻/6-11公/4-支1公,,V1.3.2
80095,花满·华丽,095,4,头饰,S,,SS,,A,,B,,SS,,,,设·进094/浪·迷/浪·幻,,V1.3.2
80096,花满·珍稀,096,5,头饰,SS,,A,,A,,S,,,SS,,,设·进095,上海烟云梦,V1.3.2
80097,花开,097,3,耳饰,,S,S,,A,,A,,A,,,,浪·迷/浪·幻/4-12公/7-支4公,,V1.3.2
80098,花开·华丽,098,4,耳饰,,S,A,,S,,S,,A,,,,设·进097/浪·迷/浪·幻,,V1.3.2
80099,花开·珍稀,099,5,耳饰,S,,SS,,S,,S,,S,,,,设·进098,上海烟云梦,V1.3.2
80100,海上珠,100,3,颈饰*项链,,A,S,,A,,A,,S,,,,浪·迷/浪·幻/6-1公/7-支1公,,V1.3.2
81007,葉片发带,1007,5,头饰,SS,,SS,,S,,,S,A,,,,活动·元旦二选一,爱资哈尔公主,V1.6.4
81008,葉片项链,1008,5,颈饰*项链,A,,SS,,A,,,SS,A,,,,活动·元旦二选一,爱资哈尔公主,V1.6.4
81009,葉片手链,1009,5,手饰*双,A,,SS,,A,,,SS,A,,,,活动·元旦二选一,爱资哈尔公主,V1.6.4
80101,海上珠·华丽,101,4,颈饰*项链,S,,S,,S,,A,,S,,,,设·进100/浪·迷/浪·幻,,V1.3.2
80102,海上珠·珍稀,102,5,颈饰*项链,S,,A,,S,,S,,S,,,,设·进101,上海烟云梦,V1.3.2
80103,海上珠链,103,3,手饰*右,,A,S,,A,,,S,A,,,,浪·迷/浪·幻/5-支3公/7-支3公,,V1.3.2
81032,卡萨布兰卡,1032,5,手持*右,S,,B,,A,,,S,A,,,,赠·充值,卡萨布兰卡,V1.6.5
81033,从风偃柳,1033,5,头饰,S,,A,,A,,,S,A,,,,赠·充值,卡萨布兰卡,V1.6.5
81034,接叶多重,1034,5,颈饰*项链,A,,S,,A,,,S,A,,,,赠·充值,卡萨布兰卡,V1.6.5
80104,海上珠链·华丽,104,4,手饰*右,,C,S,,S,,,SS,S,,,,设·进103/浪·迷/浪·幻,,V1.3.2
80105,海上珠链·珍稀,105,5,手饰*右,S,,S,,S,,,SS,S,,,,设·进104,上海烟云梦,V1.3.2
80109,夏日香气,109,2,头饰,,A,,B,,A,,S,A,,,,店·金币/浪·迷,,V1.3.2
80110,熊猫睡衣·睡帽,110,3,头饰,,S,,A,,A,,S,,A,睡衣,,设·图,熊猫梦乡,V1.3.2
80111,爱心睡衣·睡帽,111,3,头饰,,A,,A,,A,,S,,A,睡衣,,设·定110,,V1.3.2
80112,流苏耳环,112,2,耳饰,S,,B,,S,,A,,A,,,,店·金币,性感不良,V1.3.2
80113,锁链,113,2,颈饰*项链,A,,,A,A,,A,,A,,摇滚风,,浪·迷,性感不良,V1.3.2
80114,娆羽,114,5,头饰,B,,B,,B,,,C,A,,,,赠·V礼包,舞会皇后,V1.3.2
80115,娆坠,115,5,颈饰*项链,B,,B,,B,,B,,B,,晚礼服,,赠·V礼包,舞会皇后,V1.3.2
80116,舞会手套,116,5,手饰*双,A,,A,,A,,A,,,S,晚礼服,,赠·V礼包,舞会皇后,V1.3.2
80117,梦纱,117,4,特殊*颈部,S,,S,,S,,,S,S,,婚纱,,设·图,美梦成真,V1.3.2
80118,纯爱花饰,118,3,头饰,S,,,A,S,,,B,S,,婚纱,,店·金币,美梦成真,V1.3.2
80119,纯爱耳环,119,2,耳饰,,S,A,,B,,B,,S,,婚纱,,店·钻石,美梦成真,V1.3.2
80120,钻链,120,3,颈饰*项链,A,,S,,B,,S,,A,,婚纱,,店·金币,美梦成真,V1.3.2
80121,花好,121,3,手持*左,A,,S,,,A,,A,A,,婚纱,,2-3少,美梦成真,V1.3.2
80122,麋鹿小帽,122,3,头饰,,A,,S,,S,,S,,A,小动物,,浪·迷/浪·幻/5-12公,,V1.3.2
80123,麋鹿小帽·华丽,123,4,头饰,,A,,A,,S,,S,,A,小动物,,设·进122,森女与麋鹿,V1.3.2
80124,拼色围巾,124,4,颈饰*围巾,,S,,S,,S,,S,,S,森女系列,,店·钻石,森女与麋鹿,V1.3.2
80125,星茫,125,6,头饰,SS,,SS,,S,,,B,S,,童话系,,赠·成就,星之海,V1.3.2
80126,星海链,126,6,颈饰*项链,S,,SS,,S,,S,,SS,,童话系,,设·图,星之海,V1.3.2
80127,星海手套,127,6,手饰*双,S,,SS,,S,,S,,,S,晚礼服,童话系,设·图,星之海,V1.3.2
80128,黑色花雕,128,3,头饰,A,,A,,A,,A,,S,,哥特风,,设·图,哥特萝莉,V1.3.2
80129,魔花颈圈,129,3,颈饰*项链,A,,S,,,S,A,,A,,哥特风,,设·图,哥特萝莉,V1.3.2
80130,魔花手饰,130,3,手饰*左,A,,S,,A,,A,,A,,哥特风,,设·图,哥特萝莉,V1.3.2
80131,兰佩·珍稀,131,5,头饰,S,,SS,,,S,,A,S,,中式古典,,设·进152,蝴蝶兰翩翩·粉,V1.3.2
80132,紫兰佩·珍稀,132,5,头饰,SS,,SS,,,S,,B,S,,中式古典,,设·定131,,V1.3.2
80133,霞母,133,3,头饰,,A,,A,,S,,S,S,,童话系,,浪·迷/浪·幻/2-4公/联盟·小铺,,V1.3.2
80134,蔚海,134,2,耳饰,,A,,A,,A,,A,A,,童话系,,浪·迷/5-支1公,,V1.3.2
80135,浪带,135,3,手饰*双,,A,,A,,A,,A,S,,童话系,,浪·迷/浪·幻/2-支2公/4-支2公,,V1.3.2
80136,霞母·华丽,136,5,头饰,S,,,S,,A,,S,S,,童话系,,设·进133,水母公主,V1.3.2
80137,蔚海·华丽,137,5,耳饰,S,,,A,,A,,S,S,,童话系,,设·进134,水母公主,V1.3.2
80138,浪带·华丽,138,5,手饰*双,S,,,S,,S,,S,S,,童话系,,设·进135,水母公主,V1.3.2
80139,血枫缎,139,3,特殊*颈部,A,,,A,,A,,S,S,,侠客联盟,,浪·迷/浪·幻/6-4公,,V1.3.2
80140,红枫缎·华丽,140,4,特殊*颈部,A,,,S,,S,,S,,A,侠客联盟,,设·进139/浪·迷/浪·幻,,V1.3.2
80141,狐面,141,4,头饰,S,,S,,,S,A,,A,,和风,,店·金币,枫千叶女忍,V1.3.2
80142,撒菱,142,5,手持*左,,S,,S,,S,,SS,S,,侠客联盟,,浪·幻,枫千叶女忍,V1.3.2
80143,苦无,143,5,手持*右,,S,,S,,S,,S,S,,侠客联盟,,浪·幻,枫千叶女忍,V1.3.2
80144,红枫缎·珍稀,144,5,特殊*颈部,S,,,S,,SS,,S,S,,侠客联盟,,设·进140,枫千叶女忍,V1.3.2
80145,沙华,145,3,颈饰*项链,,A,S,,A,,A,,A,,,,浪·迷/浪·幻/6-10公,,V1.3.2
80146,沙华·华丽,146,4,颈饰*项链,B,,,S,,S,,S,S,,,,设·进145/浪·迷/浪·幻,,V1.3.2
80147,沙华·珍稀,147,5,颈饰*项链,S,,,S,,S,,S,S,,,,设·进146,鬼姬彼岸花,V1.3.2
80148,曼殊沙华,148,5,特殊*纹身,S,,,SS,S,,S,,S,,,,兑·仙履,鬼姬彼岸花,V1.3.2
80149,粟瑶,149,5,头饰,A,,SS,,SS,,,A,A,,,,赠·充值,罂粟千狐,V1.6.3
80150,锦缎鼓,150,5,特殊*肩部,A,,,SS,,SS,,A,A,,,,赠·充值,罂粟千狐,V1.6.3
80151,兰佩,151,3,头饰,,A,S,,,A,,S,A,,中式古典,,浪·迷/浪·幻/浪·缥缈/5-10公/6-支2公,,V1.3.2
80152,兰佩·华丽,152,4,头饰,,A,S,,S,,A,,S,,中式古典,,设·进151,,V1.3.2
80153,雀珑,153,5,头饰,S,,B,,SS,,S,,S,,中式古典,,浪·迷/浪·幻,孔雀东南飞,V1.3.2
80154,雀屏,154,5,特殊*脸部,S,,S,,S,,S,,S,,中式古典,,浪·迷/浪·幻,孔雀东南飞,V1.3.2
80155,雀灵,155,5,耳饰,SS,,S,,,A,S,,SS,,,,浪·迷/浪·幻,孔雀东南飞,V1.3.2
80156,雀环,156,5,手饰*双,SS,,A,,B,,S,,SS,,中式古典,女神系,浪·迷/浪·幻,孔雀东南飞,V1.3.2
80157,雀带,157,5,颈饰*围巾,S,,SS,,B,,S,,SS,,中式古典,,浪·迷/浪·幻,孔雀东南飞,V1.3.2
80158,玫瑰花,158,4,特殊*脸部,S,,S,,S,,A,,A,,,,设·图,罗密欧,V1.3.2
80159,添香,159,5,耳饰,SS,,SS,,S,,B,,S,,,,兑·仙履,清宫丽影,V1.3.2
80160,拈花,160,2,头饰,,A,,A,,A,,A,S,,,,店·金币/浪·迷,,V1.3.2
80161,绣包,161,3,手持*左,,A,,A,,A,,S,A,,大小姐,,浪·迷/浪·幻,,V1.3.2
80162,绿茗伞,162,4,手持*左,,S,B,,,S,,S,S,,雨季装备,防晒,设·图,,V1.3.2
80163,红斗篷,163,3,头饰,,A,,S,,A,,A,,S,童话系,洛丽塔,浪·迷/浪·幻/5-8公,,V1.3.2
80164,小红帽的手圈,164,4,手饰*双,,B,,S,,S,,S,S,,童话系,洛丽塔,浪·迷/浪·幻,,V1.3.2
80165,红斗篷·珍稀,165,5,头饰,S,,,S,,SS,,S,,S,童话系,洛丽塔,设·进249,小红帽奇遇记,V1.3.2
80166,童话猎枪,166,5,手持*左,,B,,S,,S,,SS,S,,童话系,,浪·迷/浪·幻,小红帽奇遇记,V1.3.2
80167,小红帽的篮子,167,5,手持*右,,S,,S,,S,,S,S,,童话系,,浪·迷/浪·幻,小红帽奇遇记,V1.3.2
80170,学妹眼镜,170,2,特殊*脸部,,A,S,,,A,,B,A,,学院系,,浪·迷,,V1.3.2
80171,精装笔记,171,3,手持*左,,A,S,,,S,,A,S,,学院系,,店·金币/浪·迷/浪·幻,,V1.3.2
80172,舞娘头纱,172,4,特殊*颈部,S,,S,,,A,S,,A,,舞者,印度服饰,设·图,西域舞娘,V1.3.2
80173,舞娘耳环,173,3,耳饰,S,,,B,A,,A,,A,,舞者,印度服饰,浪·迷,西域舞娘,V1.3.2
80174,舞娘颈饰,174,4,颈饰*项链,S,,A,,A,,S,,S,,舞者,印度服饰,浪·迷,西域舞娘,V1.3.2
80175,舞娘手饰,175,4,手饰*双,S,,B,,,A,S,,SS,,舞者,印度服饰,浪·迷,西域舞娘,V1.3.2
80176,银河,176,4,颈饰*围巾,S,,S,,A,,S,,A,,,,浪·迷/浪·幻/赠·成就,,V1.3.2
80177,自然馈赠,177,4,颈饰*围巾,,S,,S,,A,,S,,S,冬装,,店·金币/浪·迷/浪·幻,,V1.3.2
80178,姹紫·手套,178,5,手饰*双,,S,,S,,S,,SS,,S,冬装,,浪·迷/浪·幻,,V1.3.2
80179,企鹅帽,179,2,头饰,,A,,A,,A,,A,,A,冬装,,店·钻石/浪·迷,,V1.3.2
80180,桃心小包,180,3,手持*左,,S,,S,,S,,S,B,,冬装,,店·金币/浪·迷/浪·幻,,V1.3.2
80182,棕色耳罩,182,2,头饰,,A,,A,,A,,A,,A,冬装,,浪·迷,,V1.3.2
80183,姹紫·帽子,183,4,头饰,,A,,S,,A,,S,,S,冬装,,浪·迷/浪·幻,,V1.3.2
80184,靛青绒帽,184,2,头饰,,A,,A,,S,,A,,S,冬装,,浪·迷,,V1.3.2
80185,雪花可可,185,4,颈饰*围巾,,S,,S,,S,,S,,S,冬装,,浪·迷/浪·幻,,V1.3.2
80187,思念徽章·粉,187,3,头饰,,A,S,,,A,,A,,A,英伦,防晒,店·金币/浪·迷/浪·幻,,V1.3.2
80189,思念徽章·灰,189,3,头饰,,A,A,,,S,,A,,A,英伦,防晒,设·定187,,V1.3.2
80195,草莓宝贝,195,4,头饰,A,,,A,,S,,S,A,,,,浪·迷/浪·幻,,V1.3.2
80196,贵妇兔·蓝,196,4,头饰,S,,,S,,S,,A,S,,小动物,,浪·迷/浪·幻,,V1.3.2
80197,贵妇兔·白,197,4,头饰,S,,,S,,S,,A,S,,小动物,,设·定196,,V1.3.2
80198,贵妇兔·黑,198,4,头饰,S,,,S,,S,,A,S,,小动物,,设·定196,,V1.3.2
80200,糕点帽,200,3,头饰,,A,,S,,A,,A,A,,,,赠·成就,甜甜糕点师,V1.3.2
80201,水手帽,201,3,头饰,,A,,S,,A,,A,A,,,,浪·迷/浪·幻,,V1.3.2
80202,兔女郎头饰,202,4,头饰,S,,,S,,S,A,,S,,兔女郎,,设·图,兔女郎,V1.3.2
80203,腊月手套,203,3,手饰*双,,A,,A,,S,,S,,A,冬装,,设·图,,V1.3.2
80204,外卖小妹,204,2,头饰,,A,,B,,S,,A,A,,防晒,,店·金币,美食外卖员,V1.3.2
80205,小围裙,205,3,腰饰,,A,,S,,S,,A,C,,女仆装,围裙,设·图,美食外卖员,V1.3.2
80206,听诊器,206,3,颈饰*项链,,S,S,,S,,A,,A,,医务使者,,4-8公,神圣医者,V1.3.2
80207,兔子先生,207,4,头饰,,S,,A,,S,,S,A,,童话系,兔女郎,兑·仙履,爱丽丝仙境,V1.3.2
80208,三月兔,208,4,手持*左,,S,,A,,S,,S,A,,童话系,,兑·仙履,爱丽丝仙境,V1.3.2
80209,海魂围巾,209,4,特殊*颈部,,S,,S,,S,,A,,A,,,浪·迷,海豹小水手,V1.3.2
80210,小海豹,210,2,头饰,,A,,A,,A,,A,A,,,,浪·迷,海豹小水手,V1.3.2
80211,虔诚花朵,211,2,头饰,A,,B,,,A,,A,S,,,,浪·迷,,V1.3.2
80212,虔诚颈饰,212,4,颈饰*项链,,S,S,,,S,,S,S,,,,浪·迷/浪·幻,,V1.3.2
80213,甜美小鹿,213,4,头饰,S,,,S,,S,,S,,A,森女系列,小动物,赠·成就,甜美花季,V1.3.2
80214,花结,214,3,手饰*左,,S,,A,,A,,A,A,,,,赠·成就,甜美花季,V1.3.2
80215,学生包,215,3,手持*左,,A,,S,,S,,A,A,,学院系,,赠·成就,甜美花季,V1.3.2
80216,鲜奶蛋糕,216,4,头饰,S,,,S,,S,,S,S,,,,赠·成就,蛋糕庄园,V1.3.2
80217,蛋糕点缀,217,3,手饰*双,A,,,S,,A,,S,A,,,,赠·成就,蛋糕庄园,V1.3.2
80218,蛋糕情结,218,3,颈饰*项链,,S,,A,,S,,A,A,,,,赠·成就,蛋糕庄园,V1.3.2
80219,发明家眼镜,219,3,头饰,A,,,A,,A,,S,A,,中性风,,兑·花园,暖系机械,V1.3.6
80220,年代杖,220,3,手持*左,,S,S,,,B,,A,S,,英伦,,兑·花园,暖系机械,V1.3.6
80221,糖果心·项链,221,2,颈饰*项链,,A,,A,,A,,A,A,,,,3-9少,,V1.3.2
80222,金叶发带,222,4,头饰,SS,,S,,,A,,A,S,,,,浪·迷/浪·幻,,V1.3.2
80223,糖果心·头饰,223,2,头饰,,A,,B,,A,,A,A,,洛丽塔,,店·金币/浪·迷,,V1.3.2
80224,雏菊帽,224,5,头饰,,B,,B,,B,,B,B,,,,赠·好友,花田香气,V1.3.2
80225,糖果心·包,225,3,手持*左,,S,,A,,A,,A,A,,大小姐,,赠·成就,,V1.3.2
80226,花蕊项链,226,5,颈饰*项链,C,,,B,,B,,B,B,,,,赠·好友,花田香气,V1.3.2
80227,泡芙头饰,227,3,头饰,S,,,A,,A,,A,S,,洛丽塔,,兑·花园,泡芙小姐,V1.3.6
80228,泡芙手饰,228,2,手饰*双,B,,,A,,A,,A,A,,洛丽塔,,兑·花园,泡芙小姐,V1.3.6
80229,泡芙小包,229,2,特殊*肩部,,A,,A,,A,,S,A,,洛丽塔,,兑·花园,泡芙小姐,V1.3.6
80230,泡芙颈饰,230,3,颈饰*项链,B,,S,,,S,,A,A,,洛丽塔,,兑·花园,泡芙小姐,V1.3.6
80231,占卜帽,231,5,头饰,A,,B,,,S,,S,A,,童话系,,浪·迷/浪·幻,星夜占卜师,V1.3.2
80232,星月夜,232,5,颈饰*项链,SS,,A,,,A,S,,S,,洛丽塔,,浪·迷/浪·幻,星夜占卜师,V1.3.2
80233,珍珠项链,233,3,颈饰*项链,A,,A,,S,,A,,A,,,,浪·迷/浪·幻,,V1.3.2
80234,暖之舞颈饰,234,3,颈饰*项链,,S,A,,A,,A,,S,,,,浪·迷/浪·幻,,V1.3.2
80235,暖之舞手饰,235,2,手饰*右,,A,S,,A,,A,,A,,,,浪·迷,,V1.3.2
80236,红色手表,236,2,手饰*左,,A,B,,,S,,A,A,,,,店·金币/浪·迷/6-7少,,V1.3.2
80237,骨牙项链,237,2,颈饰*项链,B,,,B,A,,S,,A,,摇滚风,,3-2少,摇滚歌手,V1.3.2
80238,铆钉手套,238,3,手饰*双,,B,,S,A,,S,,,S,摇滚风,,店·金币/浪·迷/浪·幻,摇滚歌手,V1.3.2
80239,赤砂,239,5,头饰,A,,S,,S,,,C,A,,,,赠·签到,红裳锦绣,V1.3.2
80240,草莓蛋糕,240,5,头饰,A,,,A,,A,,A,A,,,,赠·V礼包,草莓甜心,V1.3.2
80241,桂花酿,241,4,头饰,,B,S,,,A,S,,S,,,,浪·迷/浪·幻,,V1.3.2
80243,蓝色遮阳帽,243,3,头饰,,S,S,,,S,A,,S,,防晒,,设·图,,V1.3.2
80244,星愿项链,244,3,颈饰*项链,,A,,A,,A,,A,A,,,,店·金币/浪·迷/浪·幻,,V1.3.2
80245,海滩手环,245,3,手饰*左,S,,A,,,B,S,,S,,,,浪·迷/浪·幻/赠·签到,,V1.3.2
80246,红心项链,246,3,颈饰*项链,A,,,A,,S,,S,A,,,,店·金币/浪·迷/浪·幻,,V1.3.2
80248,蝶趣,248,5,手饰*双,S,,,B,SS,,S,,SS,,童话系,小动物,赠·成就,蝴蝶夫人,V1.3.2
80249,红斗篷·华丽,249,4,头饰,,S,,S,,S,,A,,A,童话系,洛丽塔,设·进163/浪·迷/浪·幻,,V1.3.2
80250,爬爬,250,4,颈饰*项链,,S,,A,,S,,S,S,,,,浪·迷/浪·幻,,V1.3.2
80251,恶魔手环,251,4,手饰*左,S,,,A,,S,A,,S,,,,浪·迷/浪·幻,,V1.3.2
80252,蔷薇园,252,4,手持*左,S,,,B,,A,,S,S,,洛丽塔,,浪·幻,琉光蔷薇,V1.3.2
80253,双蕊,253,4,头饰,,S,,S,,S,,S,S,,洛丽塔,,浪·幻,琉光蔷薇,V1.3.2
80254,茶香礼帽,254,3,头饰,S,,,S,,S,,A,A,,洛丽塔,,浪·幻,梦幻下午茶,V1.3.2
80255,茶聚,255,3,耳饰,A,,,B,,S,,A,S,,洛丽塔,,浪·幻,梦幻下午茶,V1.3.2
80256,茶语,256,3,特殊*肩部,,A,,B,,S,,A,S,,洛丽塔,,浪·幻,梦幻下午茶,V1.3.2
80257,下午茶手套,257,4,手饰*双,S,,,A,,S,,S,,A,洛丽塔,,浪·幻,梦幻下午茶,V1.3.2
80258,暗夜花雕,258,4,头饰,S,,A,,,S,,S,A,,哥特风,洛丽塔,浪·幻,暗夜萝莉,V1.3.2
80259,墨瞳,259,3,特殊*脸部,S,,A,,S,,,A,SS,,哥特风,洛丽塔,浪·幻,暗夜萝莉,V1.3.2
80260,暗夜项链,260,3,颈饰*项链,A,,S,,B,,S,,S,,哥特风,洛丽塔,浪·幻,暗夜萝莉,V1.3.2
80261,暗夜伞,261,3,手持*左,A,,A,,,S,,A,A,,哥特风,防晒,浪·幻,暗夜萝莉,V1.3.2
80262,花嫁头纱,262,5,特殊*颈部,SS,,,B,,S,,SS,S,,婚纱,,设·图,花嫁童话,V1.4.5
80263,花嫁颈饰,263,3,颈饰*项链,A,,,A,,A,,S,A,,婚纱,洛丽塔,设·图,花嫁童话,V1.4.5
80264,童话捧花,264,4,手持*右,S,,A,,,S,,S,S,,婚纱,,设·图,花嫁童话,V1.4.5
80265,花嫁手套,265,4,手饰*双,SS,,,B,,A,,S,,S,婚纱,洛丽塔,设·图,花嫁童话,V1.4.5
80266,一丝不苟,266,3,特殊*脸部,S,,A,,S,,,C,S,,欧式古典,,浪·迷,首席特助,V1.3.2
80267,莉莉斯图典,267,4,手持*左,S,,A,,S,,,S,S,,OL,,浪·幻,首席特助,V1.3.2
80268,洛可蝴蝶结,268,3,头饰,A,,,A,,S,,S,A,,洛丽塔,,兑·仙履,洛可的茶会,V1.3.2
80269,洛可小包,269,3,特殊*肩部,,A,,A,,A,,S,S,,洛丽塔,,兑·仙履,洛可的茶会,V1.3.2
80270,洛可手环,270,3,手饰*双,B,,,S,,A,,A,S,,洛丽塔,,兑·仙履,洛可的茶会,V1.3.2
80271,荒原头饰,271,4,头饰,S,,,B,A,,,S,S,,波西米亚,,设·图,荒原的花,V1.3.2
80272,荒原颈饰,272,3,颈饰*项链,S,,,B,A,,,B,SS,,波西米亚,,5-7少/联盟·小铺,荒原的花,V1.3.2
80273,荒原拎包,273,3,手持*左,,S,,B,,A,,S,S,,波西米亚,,设·图,荒原的花,V1.3.2
80274,特工颈饰,274,3,颈饰*项链,,A,A,,A,,A,,S,,摇滚风,,店·金币,最美特工,V1.3.2
80275,特工手套,275,3,手饰*双,S,,,S,,B,A,,S,,摇滚风,,店·金币,最美特工,V1.3.2
80276,霞赤折扇,276,4,手持*左,S,,A,,,B,,A,SS,,中式现代,,设·图,霞赤图,V1.3.2
80277,烟雨折扇,277,4,手持*左,S,,S,,,B,,S,S,,中式现代,,设·定276,,V1.3.2
80278,霞色锦囊,278,3,特殊*肩部,,S,,A,,S,,A,A,,洛丽塔,,设·图,霞赤图,V1.3.2
80279,暖暖之舞颈饰,279,4,颈饰*项链,,S,A,,A,,S,,,A,欧式古典,,浪·迷/浪·幻,,V1.3.2
80280,暖暖之舞手饰,280,3,手饰*右,,B,A,,A,,A,,A,,,,浪·迷/浪·幻,,V1.3.2
80281,镶金,281,4,手饰*左,A,,S,,S,,S,,S,,,,浪·迷/浪·幻,,V1.3.2
80282,归真,282,3,颈饰*项链,,A,S,,S,,,A,S,,,,店·金币/浪·迷/浪·幻,,V1.3.2
80283,金叶缎带,283,4,手饰*双,S,,S,,S,,S,,S,,,,浪·迷,,V1.3.2
80284,金叶耳环,284,3,耳饰,S,,S,,S,,,C,S,,,,浪·迷/浪·幻,,V1.3.2
80285,星河耳环,285,5,耳饰,A,,,A,,A,,A,A,,,,赠,璀璨星河,V1.3.2
80286,星河颈饰,286,5,颈饰*项链,B,,,A,,A,,A,,A,,,赠,璀璨星河,V1.3.2
80287,星辰伞,287,5,手持*左,A,,A,,,A,,A,A,,防晒,,赠,璀璨星河,V1.3.2
80288,画家帽,288,5,头饰,,A,A,,A,,,A,,A,,,赠·首充,慕冬天使,V1.3.2
80292,优雅天使,292,5,特殊*肩部,,A,S,,,A,,A,A,,,,赠·首充,慕冬天使,V1.3.2
80296,白雪手套,296,5,手饰*双,,A,A,,A,,A,,,A,,,赠·首充,慕冬天使,V1.3.2
80297,丝绸手套·棕,297,5,手饰*双,,B,SS,,S,,S,,,S,,,设·定296,,V1.3.2
80299,丝绸手套·黑,299,5,手饰*双,,B,S,,S,,S,,,S,,,设·定296,,V1.3.2
80300,岚蝶·棕,300,3,手持*左,,A,S,,A,,,S,A,,,,店·钻石/浪·迷/浪·幻,,V1.3.2
80301,岚蝶·红,301,3,手持*左,,S,S,,,B,,B,,S,,,设·定300,,V1.3.2
80302,岚蝶·藏青,302,3,手持*左,,SS,SS,,,B,,A,,B,,,设·定300,,V1.3.2
80304,芳华手链,304,2,手饰*左,A,,,A,,A,,A,A,,,,浪·迷,,V1.3.2
80305,芳华项链,305,2,颈饰*项链,A,,,A,,A,,A,A,,,,浪·迷,,V1.3.2
80306,白雪绒帽,306,5,头饰,,A,B,,,A,,A,,S,,,浪·迷,冬恋奇迹,V1.3.2
80310,奇迹之链,310,5,颈饰*项链,A,,,A,,A,,A,A,,,,浪·迷/浪·幻,,V1.3.2
80311,纱舞,311,4,头饰,,SS,,A,,S,,A,A,,,,店·金币,漫纱轻舞,V1.5.1
80313,赤檀珠,313,5,手饰*左,,A,,A,,A,,A,A,,,,赠·签到,红裳锦绣,V1.3.2
80314,凤天,314,5,耳饰,A,,A,,A,,A,,A,,,,赠·V礼包,一代女皇,V1.3.2
80315,高级女帽,315,3,头饰,,A,SS,,,A,,A,,A,,,店·金币,,V1.3.2
80316,紫结领,316,4,颈饰*项链,S,,S,,,A,,S,,S,,,店·金币,,V1.3.2
80317,金属手圈,317,3,手饰*左,B,,S,,B,,B,,S,,,,店·金币,,V1.3.2
80318,迷三角,318,4,耳饰,,S,A,,S,,S,,S,,,,6-支1少,,V1.3.2
80319,苍翠叶,319,4,头饰,,S,S,,,B,,B,S,,,,店·金币,,V1.3.2
80320,水珍珠,320,3,颈饰*项链,S,,S,,C,,,S,S,,,,店·钻石,,V1.3.2
80321,珍珠发卡,321,2,头饰,,A,B,,,S,,S,A,,,,5-2少,,V1.3.2
80322,十字架手链,322,3,手饰*右,C,,,S,S,,S,,S,,,,店·金币,,V1.3.2
80323,铆钉手环,323,3,手饰*左,B,,,S,S,,A,,S,,,,2-4少/联盟·小铺,,V1.3.2
80328,豪门项链,328,4,颈饰*项链,S,,S,,A,,A,,S,,,,店·钻石,,V1.3.2
80329,月桂手环,329,4,手饰*右,S,,,A,,S,,S,S,,,,店·金币,,V1.3.2
80330,豪门耳环,330,3,耳饰,A,,A,,S,,A,,A,,,,店·金币,,V1.3.2
80334,蓝钻耳环,334,3,耳饰,A,,S,,A,,A,,A,,,,店·金币,,V1.3.2
80335,红钻耳环,335,3,耳饰,C,,S,,S,,S,,S,,,,设·定334,,V1.3.2
80336,星星耳饰,336,3,耳饰,,S,,S,B,,B,,S,,,,6-11少,,V1.3.2
80337,豪门披肩,337,4,颈饰*围巾,S,,S,,S,,B,,,S,,,店·钻石,,V1.3.2
80338,穗耳环·粉,338,4,耳饰,SS,,S,,B,,,S,B,,,,3-支1少,,V1.3.2
80341,穗耳环·黑,341,4,耳饰,S,,B,,S,,S,,S,,,,设·定338,,V1.3.2
80342,云端结·红,342,4,耳饰,S,,S,,S,,B,,S,,,,4-支2少,,V1.3.2
80343,云端结·蓝,343,4,耳饰,S,,S,,A,,S,,S,,,,设·定342,,V1.3.2
80344,云端结·紫,344,4,耳饰,A,,S,,S,,S,,S,,,,设·定342,,V1.3.2
80345,云端珠·红,345,3,耳饰,B,,,B,S,,S,,S,,,,6-11少,,V1.3.2
80346,云端珠·蓝,346,3,耳饰,B,,,B,S,,S,,S,,,,设·定345,,V1.3.2
80347,云端珠·黄,347,3,耳饰,B,,,B,S,,S,,S,,,,设·定345,,V1.3.2
80348,月桂头饰,348,5,头饰,S,,S,,,S,,S,S,,,,浪·迷/浪·幻,,V1.3.2
80349,冬季礼物,349,4,颈饰*项链,,S,B,,,S,,B,S,,,,浪·幻,,V1.3.2
80350,雪绒球·大,350,3,耳饰,,S,,B,,S,,S,,B,,,店·金币,,V1.3.2
80351,雪绒球·小,351,2,耳饰,,A,,A,,A,,A,,A,,,4-10少,,V1.3.2
80352,千罂狐尾,352,5,特殊*尾部,S,,A,,SS,,SS,,A,,,,赠·充值,罂粟千狐,V1.6.3
80359,午茶·灰,359,3,头饰,,S,S,,B,,,B,,S,英伦,,设·定068,,V1.3.2
80360,午茶·红,360,3,头饰,,B,S,,B,,,B,,S,英伦,,设·定068,,V1.3.2
80361,午茶·棕,361,3,头饰,,B,S,,S,,,B,,S,英伦,,设·定068,,V1.3.2
80365,和扇·樱粉,365,2,手持*右,B,,C,,,S,,S,S,,和风,,设·定074,,V1.3.2
80366,和扇·朗日,366,2,手持*右,C,,A,,,A,,A,A,,和风,,设·定074,,V1.3.2
80367,和扇·女子,367,2,手持*右,A,,A,,,A,,A,A,,和风,,设·定074,,V1.3.2
80374,牛仔围巾·灰纹,374,4,颈饰*围巾,,S,B,,B,,,SS,,S,侠客联盟,,设·定080,,V1.3.2
80375,牛仔围巾·蓝纹,375,4,颈饰*围巾,,S,S,,B,,,S,,S,侠客联盟,,设·定080,,V1.3.2
80376,牛仔围巾·黑纹,376,4,颈饰*围巾,,B,SS,,S,,,B,,S,侠客联盟,,设·定080,,V1.3.2
80383,黄玫瑰,383,4,头饰,SS,,B,,B,,,SS,S,,,,5-8少/联盟·小铺,,V1.3.2
80384,蓝玫瑰,384,4,头饰,S,,S,,S,,,B,S,,,,设·定383,,V1.3.2
80385,红玫瑰,385,4,头饰,S,,B,,B,,,S,S,,,,设·定383,,V1.3.2
80386,粉玫瑰,386,4,头饰,S,,S,,,B,,S,S,,,,设·定383,,V1.3.2
80387,普通眼镜·红,387,2,特殊*脸部,,S,,C,,C,,S,S,,OL,,设·定064,,V1.3.2
80388,普通眼镜·黑,388,2,特殊*脸部,,S,,B,,B,,B,S,,OL,,设·定064,,V1.3.2
80389,普通眼镜·蓝,389,2,特殊*脸部,,S,,B,,B,,S,A,,OL,,设·定064,,V1.3.2
80390,红色腰带,390,1,腰饰,,A,C,,C,,S,,A,,,,设·定065,,V1.3.2
80391,棕色腰带,391,1,腰饰,,C,S,,C,,S,,A,,,,设·定065,,V1.3.2
80392,浅咖腰带,392,1,腰饰,,A,A,,A,,,A,A,,,,设·定065,,V1.3.2
80393,夏日香气·粉,393,2,头饰,,A,,A,,A,,A,A,,,,设·定109,,V1.3.2
80394,夏日香气·紫,394,2,头饰,,B,,C,,S,,S,S,,,,设·定109,,V1.3.2
80395,夏日香气·蓝,395,2,头饰,,A,,A,,A,,A,A,,,,设·定109,,V1.3.2
80403,星环耳环,403,4,耳饰,SS,,A,,A,,A,,SS,,,,4-支1少,,V1.3.2
80404,爱之手套,404,4,手饰*双,S,,S,,S,,S,,B,,,,6-支2少,,V1.3.2
80405,蕾丝兔耳,405,4,头饰,,B,,SS,B,,SS,,SS,,,,店·金币,,V1.3.2
80406,爱之锁,406,4,颈饰*项链,B,,,B,S,,S,,S,,,,5-支3少,,V1.3.2
80407,珍珠项链·樱桃,407,4,颈饰*项链,,A,,S,,S,,S,S,,,,店·钻石,,V1.3.2
80408,珍珠项链·玫瑰,408,3,颈饰*项链,,S,,A,,A,,S,A,,,,店·金币,,V1.3.2
80409,红色头巾,409,3,头饰,,B,S,,S,,,B,,S,,,店·金币,,V1.3.2
80410,节日氛围,410,4,颈饰*围巾,,A,S,,,A,,A,,SS,,,2-支2少,,V1.3.2
80411,小侦探,411,4,头饰,A,,,SS,A,,,A,,SS,,,店·金币,,V1.3.2
80429,暖心企鹅帽,429,5,头饰,,B,,S,,S,,S,,A,,,店·金币,暖心企鹅,V1.3.2
80430,红围巾,430,5,颈饰*围巾,,B,,A,,S,,S,,S,,,店·金币,暖心企鹅,V1.3.2
80431,暮霭,431,5,颈饰*项链,,S,S,,S,,A,,,B,,,店·金币,暮霭苍琅,V1.3.2
80432,薄荷烟,432,5,手持*左,,S,S,,S,,A,,B,,,,店·金币,暮霭苍琅,V1.3.2
80433,精灵皇后,433,5,特殊*颈部,S,,S,,S,,,A,,A,,,赠·成就,冰晶玫瑰,V1.3.2
80434,冰晶耳环,434,5,耳饰,S,,A,,S,,A,,A,,,,赠·成就,冰晶玫瑰,V1.3.2
80435,冰晶雪链,435,5,颈饰*项链,S,,S,,S,,A,,A,,,,赠·成就,冰晶玫瑰,V1.3.2
80436,冰晶手套,436,5,手饰*双,S,,S,,S,,S,,,A,,,赠·成就,冰晶玫瑰,V1.3.2
80437,红果子,437,5,耳饰,,A,,S,,S,,A,A,,,,店·金币,绮丽乐园,V1.3.3
80438,乐园蝴蝶结,438,5,头饰,,A,,S,,S,,A,A,,,,店·金币,绮丽乐园,V1.3.3
80439,乐园气球,439,5,手持*右,A,,,S,,S,,A,A,,,,店·钻石,绮丽乐园,V1.3.3
80440,绮丽项链,440,5,颈饰*项链,S,,A,,,A,S,,A,,,,店·钻石,绮丽乐园,V1.3.3
80441,绮丽手链,441,5,手饰*左,S,,A,,,A,S,,A,,,,店·金币,绮丽乐园,V1.3.3
80442,绮丽兔帽,442,5,头饰,A,,,S,,A,,A,B,,小动物,,店·金币,童趣美梦,V1.3.3
80443,粉兔气球,443,5,手持*右,B,,,A,,A,,A,A,,小动物,,店·金币,童趣美梦,V1.3.3
80444,兔子书包,444,5,手持*左,,B,,A,,S,,A,A,,小动物,,店·金币,童趣美梦,V1.3.3
80445,黑天鹅之冠,445,6,头饰,S,,SS,,S,,B,,S,,,,设·进453,黑天鹅,V1.3.5
80446,黑天鹅耳环,446,6,耳饰,A,,SS,,A,,S,,S,,,,设·进451,黑天鹅,V1.3.5
80447,欲望黑钻,447,6,颈饰*项链,S,,S,,S,,S,,A,,,,设·进450,黑天鹅,V1.3.5
80448,黑钻手链,448,6,手饰*左,A,,S,,S,,S,,S,,,,设·进452,黑天鹅,V1.3.5
80449,黑天鹅之羽·梦,449,6,特殊*前景,SS,,S,,S,,S,,S,,,,设·图,黑天鹅,V1.3.5
80450,白雪钻链,450,5,颈饰*项链,S,,S,,S,,B,,S,,,,设·图,白天鹅,V1.3.5
80451,白天鹅耳钻,451,5,耳饰,S,,S,,,S,,A,S,,,,设·图,白天鹅,V1.3.5
80452,雪钻手链,452,5,手饰*左,A,,S,,A,,,S,S,,,,设·图,白天鹅,V1.3.5
80453,白天鹅之冠,453,5,头饰,A,,S,,A,,,S,S,,,,设·图,白天鹅,V1.3.5
80454,白天鹅之羽·梦,454,5,特殊*前景,S,,S,,,A,,S,A,,,,设·图,白天鹅,V1.3.5
80456,学霸的目光,456,3,特殊*脸部,,A,A,,,A,,A,B,,,,店·金币,梦想起航,V1.3.4
80457,考试秘籍,457,3,手持*右,,A,,A,,A,,A,B,,,,店·金币,梦想起航,V1.3.4
80458,黑天鹅之羽,458,6,特殊*前景,S,,S,,S,,S,,S,,,,设·进459,,V1.3.2
80459,白天鹅之羽,459,5,特殊*前景,A,,S,,,A,,A,A,,,,设·图,,V1.3.2
80460,荷叶结,460,3,头饰,,S,,A,,S,,S,A,,,,设·图,香罗端午,V1.3.5
80461,香罗粽,461,3,手持*右,,A,,S,,A,,A,S,,,,设·图,香罗端午,V1.3.5
80462,艾叶手环,462,3,手饰*左,,S,A,,,A,,S,A,,,,设·图,香罗端午,V1.3.5
80463,萤火,463,5,特殊*前景,SS,,S,,A,,,A,SS,,中式现代,,浪·缥缈/兑·翡翠,镜中花,V1.3.6
80464,金扣结·白,464,3,头饰,,A,S,,,A,,S,B,,英伦,,7-5少,,V1.3.2
80465,金扣结·蓝,465,3,头饰,,A,S,,,B,,S,A,,英伦,,设·定464,,V1.3.2
80466,时尚先驱·弟,466,4,特殊*脸部,A,,A,,S,,SS,,A,,防晒,,店·钻石/7-支2公/5-1公,,V1.3.2
80467,时尚先驱·妹,467,4,特殊*脸部,A,,A,,S,,SS,,A,,防晒,,设·定466,,V1.3.2
80468,时尚先驱·哥,468,4,特殊*脸部,B,,SS,,S,,A,,A,,防晒,,设·定466,,V1.3.2
80469,海滨草帽·棕,469,4,头饰,,A,,SS,,S,,A,A,,防晒,,店·钻石/7-支5公,,V1.3.2
80470,海滨草帽·白,470,4,头饰,,S,S,,,A,,SS,B,,防晒,,设·定469,,V1.3.2
80471,海滨草帽·蓝,471,4,头饰,,A,S,,,B,,SS,A,,防晒,,设·定469,,V1.3.2
80472,玲珑手环,472,3,手饰*左,A,,S,,B,,,S,A,,中式现代,,设·图,玲珑清心,V1.3.6
80473,玲珑戏蝶,473,3,腰饰,A,,S,,B,,,A,S,,中式现代,,设·图,玲珑清心,V1.3.6
80474,侦探帽,474,4,头饰,,A,SS,,B,,,S,,A,民族风,,兑·花园,侦探少女,V1.3.6
80475,细金属环,475,4,手饰*左,,A,S,,S,,,S,A,,民族风,,兑·花园,侦探少女,V1.3.6
80476,部落围巾,476,4,颈饰*围巾,A,,,A,,SS,,A,,S,民族风,,兑·花园,侦探少女,V1.3.6
80477,花忘情,477,5,耳饰,SS,,SS,,S,,A,,A,,,,浪·缥缈/兑·翡翠,镜中花,V1.3.6
80478,镜花钗,478,5,头饰,SS,,A,,A,,SS,,A,,,,浪·缥缈/兑·翡翠,镜中花,V1.3.6
80479,花莲叶,479,5,手饰*左,SS,,A,,A,,SS,,S,,,,浪·缥缈/兑·翡翠,镜中花,V1.3.6
80480,墨花笺,480,5,手饰*双,A,,SS,,A,,SS,,,S,,,浪·缥缈/兑·翡翠,镜中花,V1.3.6
80481,浅露,481,3,头饰,,S,,S,B,,,B,B,,雨季装备,侠客联盟,设·图,侠客行,V1.3.2
80482,面窗纱,482,3,特殊*脸部,,S,,B,A,,S,,B,,中式古典,侠客联盟,设·图,侠客行,V1.3.2
80483,麒麟剑,483,3,手持*右,S,,,S,A,,,A,B,,中式古典,侠客联盟,设·图,侠客行,V1.3.2
80484,宽檐礼帽,484,2,头饰,,S,S,,B,,,A,B,,防晒,,7-4公,,V1.3.2
80485,宽檐礼帽·华丽,485,3,头饰,,S,B,,,SS,,A,B,,防晒,欧式古典,设·进484,,V1.3.2
80486,墨兰扇,486,5,手持*左,A,,SS,,SS,,A,,A,,中式现代,,设·图,墨兰卷,V1.3.2
80487,碎花头箍,487,3,头饰,,A,B,,,S,,SS,B,,,,7-支4少/7-9少,,V1.3.2
80488,钟情耳环,488,4,耳饰,A,,SS,,,S,A,,A,,,,8-8少,,V1.3.8
80489,双蝶,489,3,头饰,,B,S,,,S,,A,B,,小动物,,8-支1少,,V1.3.8
80490,樱桃耳环·小,490,2,耳饰,B,,,S,,S,,B,A,,,,7-1公,,V1.3.2
80491,樱桃耳环·长,491,3,耳饰,A,,,S,,S,,A,B,,,,设·进490,,V1.3.2
80492,麦穗皮包·棕,492,3,特殊*肩部,,A,S,,S,,,A,,A,英伦,,7-支5少,,V1.3.2
80493,麦穗皮包·红,493,3,特殊*肩部,,A,S,,S,,,A,,B,英伦,,设·定492,,V1.3.2
80494,麦穗皮包·粉,494,3,特殊*肩部,,A,S,,,S,,A,,A,英伦,,设·定492,,V1.3.2
80495,麦穗皮包·白,495,3,特殊*肩部,,A,S,,S,,,B,,A,英伦,,设·定492,,V1.3.2
80496,巧克力盒·黑,496,3,手持*左,,S,S,,B,,A,,A,,,,8-4少,,V1.3.8
80497,巧克力盒·黄,497,3,手持*左,,S,S,,B,,A,,A,,,,设·定496,,V1.3.2
80498,珍珠贝壳·粉,498,3,手持*左,,S,A,,S,,B,,B,,,,8-支3少,,V1.3.8
80499,珍珠贝壳·黑,499,3,手持*左,,S,A,,S,,A,,A,,,,设·定498,,V1.3.2
80500,成玦,500,3,耳饰,,A,A,,S,,,A,A,,中式古典,,浪·缥缈,,V1.3.6
80501,夕月,501,4,头饰,S,,A,,SS,,B,,A,,中式古典,,浪·缥缈,,V1.3.6
80502,蓝瓷·包,502,5,手持*左,S,,SS,,A,,,SS,A,,中式现代,,浪·缥缈,,V1.3.6
80503,祥云舞·包,503,5,手持*左,S,,SS,,S,,,SS,A,,中式现代,,设·定502,,V1.3.2
80504,迷彩帽,504,4,头饰,,A,,S,S,,A,,,A,军装,,设·图,北地英姿,V1.3.6
80505,迷彩手套,505,3,手饰*双,,B,,SS,S,,A,,,B,军装,,设·图,北地英姿,V1.3.6
80506,月石链,506,5,手饰*左,S,,SS,,A,,,S,A,,中式古典,,浪·缥缈/兑·翡翠,水中月,V1.3.6
80507,月香渺,507,5,特殊*前景,A,,S,,A,,,SS,S,,中式古典,,浪·缥缈/兑·翡翠,水中月,V1.3.6
80508,月水莲,508,5,头饰,,S,SS,,S,,,S,A,,中式古典,,浪·缥缈/兑·翡翠,水中月,V1.3.6
80510,月光石,510,5,颈饰*项链,,A,S,,,A,,SS,A,,中式古典,,浪·缥缈/兑·翡翠,水中月,V1.3.6
80511,月千重,511,5,特殊*背景,,A,SS,,S,,,S,S,,中式古典,,浪·缥缈/兑·翡翠,水中月,V1.3.6
80512,海沫星,512,5,耳饰,,SS,A,,S,,,A,B,,,,赠·V礼包,钻石人鱼,V1.3.7
80513,海沫花,513,5,头饰,A,,SS,,A,,,S,B,,,,赠·V礼包,钻石人鱼,V1.3.7
80514,银泡沫,514,5,手持*左,,A,S,,SS,,,A,B,,,,赠·V礼包,钻石人鱼,V1.3.7
80515,人鱼手套,515,5,手饰*双,SS,,A,,A,,S,,B,,,,赠·V礼包,钻石人鱼,V1.3.7
80516,海沫链,516,5,颈饰*项链,S,,SS,,S,,A,,B,,,,赠·V礼包,钻石人鱼,V1.3.7
80517,韵花枝,517,6,头饰,S,,SS,,,S,,SS,S,,,,设·图,韶颜倾城,V1.3.8
80518,莺蕊,518,6,耳饰,,A,SS,,S,,,SS,A,,,,设·图,韶颜倾城,V1.3.8
80519,蝴蝶舞,519,6,特殊*前景,SS,,S,,,S,,SS,A,,,,赠·成就,韶颜倾城,V1.3.8
80520,落蕊珠,520,6,手饰*左,S,,SS,,,S,,SS,S,,,,设·图,韶颜倾城,V1.3.8
80521,韵花枝·紫,521,6,头饰,A,,SS,,,S,SS,,A,,,,设·定517,,V1.3.2
80522,莺蕊·紫,522,6,耳饰,,S,SS,,SS,,S,,S,,,,设·定518,,V1.3.2
80523,落蕊珠·青,523,6,手饰*左,SS,,SS,,,S,,A,S,,,,设·定520,,V1.3.2
80524,青花发箍,524,4,头饰,,A,A,,S,,,SS,A,,,,设·图,水墨青花,V1.3.2
80525,青花项链,525,4,颈饰*项链,,SS,A,,S,,,A,A,,,,设·图,水墨青花,V1.3.2
80526,青花手链,526,4,手饰*左,,S,A,,B,,,SS,S,,,,8-6少,水墨青花,V1.3.2
80528,神秘珠链·珍稀,528,5,头饰,SS,,SS,,A,,A,,S,,民族风,,设·进612,塔罗牌师,V1.4.1
80529,塔罗牌,529,5,手持*右,SS,,SS,,,A,A,,A,,,,设·匣子,塔罗牌师,V1.4.1
80530,预告函·华丽,530,5,手持*左,A,,SS,,,SS,,A,A,,,,设·进619,怪盗蓝宝石,V1.4.1
80531,蓝宝石礼帽·华丽,531,5,头饰,A,,S,,SS,,A,,,A,中性风,欧式古典,设·进620,怪盗蓝宝石,V1.4.1
80532,怪盗面具·华丽,532,5,特殊*脸部,S,,S,,A,,SS,,S,,中性风,欧式古典,设·进621,怪盗蓝宝石,V1.4.1
80533,怪盗手套,533,5,手饰*双,,S,SS,,,A,S,,,SS,欧式古典,,联盟·小铺,怪盗蓝宝石,V1.4.1
80534,羊毛暖帽·华丽,534,5,头饰,A,,,A,,SS,,SS,,S,小动物,,设·进616,森女羊,V1.4.1
80535,琥珀花,535,4,头饰,S,,SS,,,B,,A,S,,,,兑·仙履,荷花吟,V1.5.1
80536,如意项圈,536,4,颈饰*项链,SS,,S,,S,,A,,B,,,,兑·仙履,荷花吟,V1.5.1
80537,云端丝帕,537,4,手持*左,,S,S,,,A,,A,A,,,,兑·仙履,荷花吟,V1.5.1
80538,校园梦想,538,4,头饰,,A,,A,,SS,,S,A,,,,设·图,时空偶像,V1.3.8
80539,筒形运动包·粉,539,4,手持*左,,A,,S,,SS,,A,A,,,,联盟·小铺,,V1.4.1
80540,筒形运动包·红,540,4,手持*左,,SS,,SS,,A,,A,A,,,,设·定539,,V1.4.1
80541,筒形运动包·蓝,541,4,手持*左,,SS,,A,A,,,S,A,,,,设·定539,,V1.4.1
80542,运动遮阳帽·黄,542,4,头饰,,S,,A,,SS,,A,A,,,,联盟·小铺,,V1.4.1
80543,运动遮阳帽·黑,543,4,头饰,,SS,,S,,A,,A,A,,,,设·定542,,V1.4.1
80544,炮火如兰,544,5,手持*左,SS,,,SS,,A,S,,A,,,,赠,,V1.6.1
80545,钢铁雄心,545,5,手饰*双,SS,,,SS,,A,A,,,A,,,赠,,V1.6.1
80546,首领徽记,546,5,特殊*肩部,,S,,SS,,S,,S,A,,,,赠,,V1.6.1
80547,萌熊眼罩,547,5,特殊*纹身,,A,,SS,,SS,A,,,S,,,赠,,V1.6.1
80548,精灵鹿角,548,5,头饰,SS,,,S,,A,SS,,A,,童话系,小动物,设·图,精灵鹿后,V1.3.8
80549,粉蔷薇帽,549,2,头饰,B,,,B,,S,,S,B,,欧式古典,,设·图,,V1.3.8
80550,粉蔷薇帽·华丽,550,3,头饰,S,,,A,,S,,A,A,,欧式古典,,设·进549,,V1.3.8
80551,粉蔷薇帽·珍稀,551,4,头饰,SS,,A,,,S,,A,B,,欧式古典,,设·进550,安娜小姐,V1.3.8
80552,轻粉颈饰,552,2,颈饰*项链,,S,A,,,S,,B,,B,,,设·图,,V1.3.8
80553,轻粉颈饰·华丽,553,3,颈饰*项链,A,,S,,,S,,A,,B,,,设·进552,,V1.3.8
80554,轻粉颈饰·珍稀,554,4,颈饰*项链,SS,,A,,,SS,,A,,B,,,设·进553,安娜小姐,V1.3.8
80555,轻粉手套,555,2,手饰*双,,B,S,,,S,,B,,B,,,设·图,,V1.3.8
80556,轻粉手套·华丽,556,3,手饰*双,A,,S,,,S,,B,,A,,,设·进555,,V1.3.8
80557,轻粉手套·珍稀,557,4,手饰*双,SS,,A,,,SS,,A,,A,,,设·进556,安娜小姐,V1.3.8
80558,紫色头纱,558,3,头饰,,S,S,,B,,,B,A,,,,8-4公,,V1.3.8
80559,紫色头纱·华丽,559,4,头饰,,A,S,,A,,,S,S,,,,设·进558,,V1.3.8
80560,紫色头纱·珍稀,560,5,头饰,S,,SS,,A,,,SS,A,,,,设·进559,姹紫嫣红,V1.3.8
80561,山茶枝,561,5,手持*右,,S,SS,,,A,,SS,A,,,,8-5少,山茶春色,V1.3.8
80562,山茶钗,562,4,头饰,A,,S,,,SS,,B,A,,,,设·图,,V1.3.8
80563,山茶钗·华丽,563,5,头饰,SS,,SS,,,A,,A,S,,,,设·进562,山茶春色,V1.3.8
80568,精灵耳饰,568,5,耳饰,SS,,A,,A,,SS,,S,,,,设·图,光明精灵,V1.4.3
80570,精灵头饰,570,5,头饰,S,,A,,SS,,SS,,A,,,,设·图,光明精灵,V1.4.3
80572,精灵颈饰,572,5,颈饰*项链,SS,,SS,,B,,,S,A,,,,设·图,光明精灵,V1.4.3
80573,光明手杖,573,4,手持*右,A,,S,,A,,,S,A,,,,设·图,,V1.3.2
80574,光明手杖·华丽,574,5,手持*右,SS,,SS,,A,,,A,A,,,,设·进573,光明精灵,V1.3.8
80575,黑暗手杖·华丽,575,5,手持*右,SS,,S,,A,,SS,,A,,,,设·定574,,V1.3.2
80576,毛绒兔耳,576,4,头饰,,A,,A,,SS,,SS,,A,小动物,童话系,8-9公,,V1.3.8
80577,胡萝卜包,577,4,手持*左,,B,,SS,,SS,,A,A,,童话系,,8-6公,,V1.3.8
80578,绒绒手袖,578,4,手饰*双,A,,,A,,S,,A,,S,,,8-3公,,V1.3.8
80579,毛绒兔耳·华丽,579,5,头饰,,A,,A,,SS,,SS,,S,小动物,童话系,设·进576,绒绒垂耳兔,V1.3.8
80580,胡萝卜包·华丽,580,5,手持*左,,S,,SS,,S,,A,S,,童话系,,设·进577,绒绒垂耳兔,V1.3.8
80581,绒绒手袖·华丽,581,5,手饰*双,S,,,A,,SS,,A,,SS,,,设·进578,绒绒垂耳兔,V1.3.8
80582,兔球球,582,5,特殊*尾部,,A,,SS,,SS,A,,,S,小动物,,8-8公,绒绒垂耳兔,V1.3.8
80583,尴尬冰块,583,3,特殊*前景,C,,,C,,C,,C,C,,,,兑·花园,,V1.3.2
80584,井字颜,584,3,特殊*前景,C,,,C,,C,,C,,C,,,兑·花园,,V1.3.2
80585,泡泡心意,585,3,特殊*前景,C,,,C,,C,,C,,C,,,兑·花园,,V1.5.2
80586,赞我,586,3,特殊*前景,C,,,C,,C,,C,,C,,,兑·花园,,V1.3.2
80587,静静看旁边,587,3,特殊*前景,C,,,C,,C,C,,C,,小动物,,兑·花园,,V1.3.2
80588,美得睡不着,588,3,特殊*前景,C,,,C,,C,C,,C,,小动物,,兑·花园,,V1.3.2
80589,换装大法,589,3,特殊*前景,C,,,C,,C,,C,C,,小动物,,兑·花园,,V1.3.2
80590,求送花,590,3,特殊*前景,C,,,C,,C,,C,,C,,,兑·花园,,V1.3.2
80591,说我萌,591,3,特殊*前景,C,,,C,,C,,C,,C,小动物,,兑·花园,,V1.3.2
80592,夸我美,592,3,特殊*前景,C,,,C,,C,,C,,C,小动物,,兑·花园,,V1.3.2
80593,白领单肩包,593,3,特殊*肩部,,A,S,,S,,B,,A,,,,赠·签到,,V1.3.2
80594,珍珠发箍,594,3,头饰,,B,S,,,S,,A,B,,,,赠·签到,,V1.4.3
80595,银漆小包,595,3,手持*左,,S,S,,A,,,B,B,,,,赠·签到,,V1.4.3
80596,桃花香囊,596,4,手持*右,A,,,SS,,SS,,B,A,,中式古典,,设·图,桃花歌,V1.4.1
80597,桃花伞,597,4,手持*左,A,,SS,,,S,,A,A,,中式古典,,设·图,桃花歌,V1.4.1
80598,衔钗雀,598,5,头饰,SS,,SS,,S,,,S,A,,中式古典,,设·图,夕夜迢迢,V1.4.1
80599,翠玉镯,599,5,手饰*右,,SS,A,,A,,,SS,A,,中式古典,,设·图,夕夜迢迢,V1.4.1
80600,翡翠环,600,5,颈饰*项链,,SS,A,,S,,,SS,A,,中式古典,,设·图,夕夜迢迢,V1.4.1
80601,红娘秘籍,601,4,手持*右,,S,B,,,A,,B,B,,,,店·金币,狐妖小红娘,V1.4.4
80602,重生耳环,602,4,耳饰,A,,S,,B,,B,,B,,,,设·分解,,V1.4.1
80603,永恒之链,603,5,颈饰*项链,S,,S,,B,,B,,B,,,,设·分解,,V1.4.1
80604,希望之环,604,3,手饰*左,S,,S,,B,,B,,B,,,,设·分解,,V1.4.1
80605,黑礼帽,605,3,头饰,,S,S,,,A,,A,B,,哥特风,,设·重构,,V1.4.1
80606,黑礼帽·华丽,606,4,头饰,A,,S,,,SS,,A,A,,哥特风,,设·进605,,V1.4.1
80607,黑礼帽·珍稀,607,5,头饰,SS,,SS,,,A,,A,B,,哥特风,,设·进606,夜系名媛,V1.4.1
80608,黑珍珠,608,3,手持*左,,S,S,,A,,B,,A,,哥特风,,设·重构,,V1.4.1
80609,黑珍珠·华丽,609,4,手持*左,B,,SS,,SS,,A,,A,,哥特风,,设·进608,,V1.4.1
80610,黑珍珠·珍稀,610,5,手持*左,A,,SS,,SS,,A,,S,,哥特风,,设·进609,夜系名媛,V1.4.1
80611,神秘珠链,611,3,头饰,,S,,SS,,B,B,,B,,民族风,,设·匣子,,V1.4.1
80612,神秘珠链·华丽,612,4,头饰,S,,,S,,A,S,,A,,民族风,,设·进611/设·匣子,,V1.4.1
80616,羊毛暖帽,616,4,头饰,,A,,A,,SS,,SS,,A,,,设·重构,,V1.4.1
80619,预告函,619,4,手持*左,,S,SS,,,A,B,,A,,,,联盟·小铺,,V1.4.1
80620,蓝宝石礼帽,620,4,头饰,,S,S,,A,,A,,A,,,,联盟·小铺,,V1.4.1
80621,怪盗面具,621,4,特殊*脸部,SS,,SS,,A,,A,,A,,,,联盟·小铺,,V1.4.1
80622,小蓝山,622,3,手持*左,,SS,A,,S,,B,,B,,,,设·重构,,V1.4.1
80628,小蓝熊,628,3,头饰,B,,,A,,S,,S,A,,小动物,,设·重构,,V1.4.1
80635,青柠派,635,3,特殊*肩部,,S,B,,S,,,B,A,,,,9-9少,,V1.4.3
80636,印象派,636,3,特殊*肩部,S,,A,,S,,,A,B,,,,设·定635,,V1.4.3
80637,草莓派,637,3,特殊*肩部,,A,S,,S,,,A,B,,,,设·定635,,V1.4.3
80638,菱格拎包·红,638,3,手持*左,,B,S,,SS,,,A,A,,,,9-支3少,,V1.4.3
80639,菱格拎包·雪,639,3,手持*左,,A,S,,B,,,S,B,,,,设·定638,,V1.4.3
80640,菱格拎包·夜,640,3,手持*左,,B,S,,S,,,B,A,,,,设·定638,,V1.4.3
80641,轻松泡泡,641,3,特殊*脸部,,A,,S,,S,,B,B,,,,9-支1少,,V1.4.3
80642,糖果手饰,642,2,手饰*左,,S,,A,,A,,A,B,,,,9-1公,,V1.4.3
80643,糖果发饰,643,2,头饰,,B,,B,,S,,S,A,,,,9-支2公,,V1.4.3
80644,糖果,644,3,手持*左,B,,,S,,SS,,A,B,,,,9-支1公,,V1.4.3
80645,糖果发饰·华丽,645,3,头饰,,A,,B,,S,,S,A,,,,设·进643,,V1.4.3
80646,糖果手饰·华丽,646,3,手饰*左,,B,,A,,S,,S,A,,,,设·进642,,V1.4.3
80647,棒棒糖,647,4,手持*左,,A,,A,,S,,SS,A,,,,设·进644,糖果娃娃,V1.4.3
80648,糖果发饰·珍稀,648,4,头饰,A,,,A,,SS,,S,A,,,,设·进645,糖果娃娃,V1.4.3
80649,糖果手饰·珍稀,649,4,手饰*双,A,,,A,,SS,,S,A,,,,设·进646,糖果娃娃,V1.4.3
80650,修女头饰,650,2,头饰,,S,B,,B,,,S,B,,,,9-8公,,V1.4.3
80651,修女头饰·华丽,651,3,头饰,,S,B,,B,,,S,,A,,,设·进650,,V1.4.3
80652,十字架,652,4,手持*左,,A,SS,,A,,,SS,B,,,,9-支3公,祈祷之音,V1.4.3
80653,修女头饰·珍稀,653,4,特殊*颈部,,A,S,,B,,,SS,,A,,,设·进651,祈祷之音,V1.4.3
80654,十字架项链,654,4,颈饰*项链,S,,S,,A,,,A,S,,,,9-支3公,祈祷之音,V1.4.3
80655,时空发卡,655,4,头饰,,S,,S,,SS,,A,A,,未来系,,设·图,未来时空,V1.4.3
80656,时空颈圈,656,4,颈饰*项链,,S,,A,,S,,A,,A,未来系,,设·图,未来时空,V1.4.3
80657,时空手套,657,4,手饰*双,,S,,A,,SS,,A,,S,未来系,,设·图,未来时空,V1.4.3
80658,时空发卡·玫,658,4,头饰,,A,,A,,SS,,S,A,,未来系,,设·定655,,V1.4.3
80659,时空颈圈·玫,659,4,颈饰*项链,,A,,A,,SS,,SS,,A,未来系,,设·定656,,V1.4.3
80660,时空手套·玫,660,4,手饰*双,,B,,A,,S,,SS,,S,未来系,,设·定657,,V1.4.3
80661,枫叶头箍,661,4,头饰,,A,SS,,,A,,S,A,,,,设·图,枫叶温度,V1.4.3
80662,冰雪枫叶,662,4,手持*左,S,,S,,S,,,A,B,,,,设·图,枫叶温度,V1.4.3
80663,锦鲤包,663,4,手持*左,A,,SS,,,B,,S,A,,,,设·图,游鲤图,V1.4.3
80664,刺客腰饰,664,3,腰饰,,S,,S,B,,B,,A,,侠客联盟,,设·图,,V1.5.2
80665,利刃,665,3,手持*左,,SS,,S,A,,B,,B,,侠客联盟,,设·图,,V1.4.3
80666,刺客手套,666,3,手饰*双,,S,S,,A,,B,,,A,侠客联盟,,设·图,,V1.5.2
80667,刺客腰饰·华丽,667,4,腰饰,SS,,,S,A,,A,,A,,侠客联盟,,设·进664,刺客信念,V1.5.2
80668,利刃·华丽,668,4,手持*左,,SS,,S,A,,A,,A,,侠客联盟,,设·进665,刺客信念,V1.4.3
80669,刺客手套·华丽,669,4,手饰*双,S,,S,,A,,A,,,A,侠客联盟,,设·进666,刺客信念,V1.5.2
80670,刺客腰饰·红,670,4,腰饰,SS,,,A,SS,,A,,A,,侠客联盟,,设·定667,,V1.5.2
80671,利刃·血,671,4,手持*左,,SS,,S,A,,A,,A,,侠客联盟,,设·定668,,V1.4.3
80672,刺客手套·红,672,4,手饰*双,SS,,B,,S,,B,,,S,侠客联盟,,设·定669,,V1.5.2
80673,午夜回廊,673,5,特殊*背景,SS,,SS,,A,,A,,A,,,,浪·昼夜/兑·时光,幽冥死神,V1.5.4
80674,幽冥链,674,5,头饰,,SS,S,,SS,,A,,A,,,,浪·昼夜/兑·时光,幽冥死神,V1.5.4
80675,魂栖项链,675,5,颈饰*项链,SS,,S,,A,,SS,,,A,,,浪·昼夜/兑·时光,幽冥死神,V1.5.4
80676,死神镰刀,676,5,手持*右,SS,,S,,A,,SS,,,S,,,浪·昼夜/兑·时光,幽冥死神,V1.5.4
80677,圣灵项链,677,5,颈饰*项链,SS,,SS,,A,,A,,,A,,,浪·昼夜/兑·时光,圣灵天使,V1.5.4
80678,圣灵冠,678,5,头饰,SS,,A,,SS,,S,,S,,,,浪·昼夜/兑·时光,圣灵天使,V1.5.4
80679,天使翅膀,679,5,特殊*翅膀,SS,,SS,,A,,A,,S,,,,浪·昼夜/兑·时光,圣灵天使,V1.5.4
80680,圣灵手套,680,5,手饰*双,SS,,SS,,A,,A,,,A,,,浪·昼夜/兑·时光,圣灵天使,V1.5.4
80681,蔷薇圈·棕,681,4,颈饰*项链,A,,S,,,SS,,A,,B,,,浪·昼夜,田园珍珠,V1.5.4
80682,蔷薇圈·蓝,682,4,颈饰*项链,A,,SS,,,SS,,A,,A,,,设·定681,,V1.5.4
80683,蔷薇圈·绿,683,4,颈饰*项链,A,,SS,,,S,,A,,A,,,设·定681,,V1.5.4
80684,花园头箍·棕,684,4,头饰,A,,S,,,SS,,A,,A,,,浪·昼夜,田园珍珠,V1.5.4
80685,花园头箍·蓝,685,4,头饰,A,,S,,,SS,,A,,B,,,设·定684,,V1.5.4
80686,花园头箍·绿,686,4,头饰,A,,SS,,,SS,,A,,A,,,设·定684,,V1.5.4
80687,祈祷手套,687,4,手饰*双,,A,S,,SS,,A,,,A,,,浪·昼夜,,V1.5.4
80688,优雅钱夹,688,3,手持*左,,A,S,,S,,B,,A,,,,浪·昼夜,,V1.5.4
80689,烈日,689,3,耳饰,S,,S,,A,,A,,B,,,,浪·昼夜,,V1.5.4
80690,静海,690,3,耳饰,S,,S,,A,,A,,B,,,,设·定689,,V1.5.4
80691,金色年华,691,3,手饰*左,,A,S,,SS,,B,,,B,,,浪·昼夜,,V1.5.4
80692,金色丝巾,692,3,颈饰*项链,,A,S,,A,,,S,,A,,,浪·昼夜,,V1.5.4
80693,夫人的花园,693,3,头饰,,B,S,,S,,A,,,A,,,浪·昼夜,,V1.5.4
80694,花结发带,694,5,头饰,A,,SS,,S,,,SS,,B,,,店·金币,淡络葡提,V1.5.2
80696,蓝络领结,696,5,颈饰*项链,S,,SS,,,A,,S,,A,,,店·金币,淡络葡提,V1.5.2
80697,蔷薇梦,697,5,头饰,S,,,A,,SS,,SS,,A,,,浪·昼夜,,V1.5.4
80698,蔷薇梦·蓝,698,5,头饰,S,,,S,,SS,,SS,,A,,,设·定697,,V1.5.4
80699,蔷薇梦·妃,699,5,头饰,A,,,A,,SS,,SS,,S,,,设·定697,,V1.5.4
80700,甜美颈圈,700,5,颈饰*项链,S,,,A,,SS,,SS,,A,,,浪·昼夜,,V1.5.4
80701,甜美颈圈·蓝,701,5,颈饰*项链,S,,,A,,SS,,SS,,A,,,设·定700,,V1.5.4
80702,甜美颈圈·妃,702,5,颈饰*项链,S,,,S,,S,,SS,,A,,,设·定700,,V1.5.4
80703,蝴蝶结飘带,703,5,手饰*左,A,,,S,,SS,,SS,,A,,,浪·昼夜,,V1.5.4
80704,蝴蝶结飘带·蓝,704,5,手饰*左,A,,,S,,SS,,SS,,A,,,设·定703,,V1.5.4
80705,蝴蝶结飘带·妃,705,5,手饰*左,A,,,A,,SS,,SS,,S,,,设·定703,,V1.5.4
80706,花环发带,706,3,头饰,S,,SS,,,B,,A,,B,,,设·图,,V1.5.2
80707,花环发带·华丽,707,4,头饰,SS,,B,,,SS,,B,,S,,,设·进706,鹿灵枝,V1.5.2
80708,柳絮手环,708,3,手饰*左,,S,,A,,SS,,B,,A,,,设·图,,V1.5.2
80709,柳絮手环·华丽,709,4,手饰*左,A,,SS,,,SS,,A,,A,,,设·进708,鹿灵枝,V1.5.2
80710,花枝项链,710,3,颈饰*项链,,S,,B,,A,,S,B,,,,设·图,,V1.5.2
80711,花枝项链·华丽,711,4,颈饰*项链,A,,S,,,A,,SS,S,,,,设·进710,鹿灵枝,V1.5.2
80712,鹿茸包,712,3,手持*左,,S,,B,,S,,A,,A,,,设·图,,V1.5.2
80713,鹿茸包·华丽,713,4,手持*左,SS,,,A,,S,,A,,A,,,设·进712,鹿灵枝,V1.5.2
80714,蝙惑,714,5,耳饰,A,,SS,,SS,,A,,,A,,,设·图,夜魄千魅,V1.5.2
80715,夜魄链,715,5,颈饰*项链,,A,SS,,SS,,A,,,A,,,设·图,夜魄千魅,V1.5.2
80716,夜魄王冠,716,5,头饰,SS,,S,,S,,A,,,A,,,设·图,夜魄千魅,V1.5.2
80717,锁扣包,717,3,手持*左,,S,B,,S,,,B,A,,,,赠·签到,,V1.5.2
80718,粉钻耳环,718,3,耳饰,,A,,B,,S,,S,A,,,,赠·签到,,V1.5.2
80719,水钻颈饰,719,3,颈饰*项链,,S,B,,S,,,B,,A,,,赠·签到,,V1.5.2
80720,陆军宽檐帽,720,4,头饰,B,,A,,SS,,SS,,,A,军装,,设·图,陆军少校,V1.5.2
80721,海军宽檐帽,721,4,头饰,A,,SS,,S,,B,,,A,军装,,设·定720,,V1.5.2
80722,长款皮手套,722,4,手饰*双,,S,A,,B,,SS,,,S,军装,,设·图,陆军少校,V1.5.2
80723,海军皮手套,723,4,手饰*双,,A,A,,SS,,S,,,A,军装,,设·定722,,V1.5.2
80726,荒漠,726,4,头饰,A,,,A,,S,,SS,A,,民族风,,设·图,部落图腾,V1.5.2
80727,野性颈圈,727,4,颈饰*项链,,SS,,SS,,B,,B,A,,民族风,,设·图,部落图腾,V1.5.2
80728,部落臂环,728,4,颈饰*围巾,,SS,,A,,A,S,,A,,民族风,,设·图,部落图腾,V1.5.2
80729,结绳记事,729,4,手饰*左,,S,,B,,S,,SS,A,,民族风,,设·图,部落图腾,V1.5.2
80730,荒原挎包,730,4,特殊*肩部,A,,,SS,,S,,A,,A,民族风,,设·图,部落图腾,V1.5.2
80731,学士帽,731,4,头饰,,A,S,,,A,,S,,A,学院系,,赠·成就,青春旋律,V1.5.2
80732,毕业卷轴,732,4,手持*左,,A,,SS,,S,,A,A,,学院系,,设·图,青春旋律,V1.5.2
80733,十字架耳饰,733,4,耳饰,,S,,A,,A,SS,,A,,,,赠·成就,,V1.5.2
80734,条纹棒球帽,734,4,头饰,S,,,SS,,A,,A,,A,,,设·进735,魔力星,V1.5.2
80735,黑色棒球帽,735,3,头饰,,S,,S,,B,,A,,B,,,设·图,,V1.5.2
80736,圆形墨镜,736,4,特殊*脸部,S,,,B,,SS,,A,A,,,,设·图,魔力星,V1.5.2
80737,十字吊坠,737,4,颈饰*项链,,B,S,,A,,SS,,A,,,,设·图,魔力星,V1.5.2
80739,钻石挎包,739,4,手持*左,S,,SS,,A,,A,,,A,,,赠·成就,魔力星,V1.5.2
80740,缎带结·珍稀,740,4,头饰,SS,,S,,,A,,B,,A,,,设·进742,假面盛宴,V1.5.2
80741,缎带结·梦,741,4,头饰,SS,,SS,,,A,,A,,B,,,设·定740,,V1.5.2
80742,缎带结·华丽,742,3,头饰,B,,S,,,B,,S,,A,,,设·进743,,V1.5.2
80743,缎带结,743,2,头饰,,B,,S,,S,,B,,A,,,10-4公,,V1.5.2
80744,舞会假面,744,4,手持*右,B,,SS,,,A,SS,,A,,欧式古典,,10-支1公,假面盛宴,V1.5.2
80745,舞会假面·梦,745,4,手持*右,A,,S,,,B,SS,,A,,欧式古典,,设·定744,,V1.5.2
80746,竹语·珍稀,746,4,头饰,SS,,S,,,B,,A,S,,,,设·进747,听竹轩,V1.5.2
80747,竹语·华丽,747,3,头饰,,A,B,,,S,,S,B,,,,设·进748,,V1.5.2
80748,竹语,748,2,头饰,,B,B,,,S,,S,B,,,,10-9公,,V1.5.2
80749,奢华·银,749,3,手持*左,B,,S,,S,,A,,,A,,,10-支1少,,V1.5.2
80750,奢华·粉,750,3,手持*左,B,,A,,,S,,SS,,B,,,设·定749,,V1.5.2
80751,奢华·黑,751,3,手持*左,B,,SS,,S,,B,,,A,,,设·定749,,V1.5.2
80752,落英纷,752,5,特殊*前景,SS,,SS,,S,,A,,,A,,,活动·梦恋奇迹,喜绣缘,V1.5.1
80753,广寒坠,753,4,耳饰,SS,,S,,,A,,A,,A,,,设·图,月宫蟾兔,V1.4.6
80754,广寒精灵·白,754,4,头饰,A,,,A,,S,S,,,A,,,设·图,月宫蟾兔,V1.4.6
80755,广寒精灵·月,755,4,头饰,A,,,SS,,A,,SS,,A,,,设·定754,,V1.4.6
80756,广寒精灵·墨,756,4,头饰,A,,,S,,A,SS,,,A,,,设·定754,,V1.4.6
80757,捣轻尘,757,4,手持*左,A,,S,,,B,SS,,,A,,,设·图,月宫蟾兔,V1.4.6
80758,广寒佩,758,4,腰饰,A,,,SS,,S,A,,,A,,,设·图,月宫蟾兔,V1.4.6
80759,寒月,759,3,手持*右,A,,S,,,S,,A,A,,,,设·图,月宫蟾兔,V1.4.6
80760,心无骛,760,5,耳饰,A,,SS,,SS,,S,,,A,,,活动·梦恋奇迹,喜绣缘,V1.5.1
80761,绣缘情,761,5,手持*左,A,,SS,,SS,,,S,,S,,,活动·梦恋奇迹,喜绣缘,V1.5.1
80762,静如初,762,5,头饰,SS,,SS,,,A,,A,,A,,,活动·梦恋奇迹,喜绣缘,V1.5.1
80764,红笺信,764,5,颈饰*项链,SS,,SS,,A,,A,,,S,,,活动·梦恋奇迹,喜绣缘,V1.5.1
80765,紫萝,765,4,头饰,S,,S,,A,,A,,,A,,,活动·梦恋奇迹,紫藤花誓言,V1.5.1
80766,紫藤花季,766,4,颈饰*项链,A,,SS,,,B,,S,A,,,,活动·梦恋奇迹,紫藤花誓言,V1.5.1
80767,藤萝链,767,4,手饰*左,A,,SS,,,B,,SS,A,,,,活动·梦恋奇迹,紫藤花誓言,V1.5.1
80768,守护小熊,768,5,手持*左,A,,,SS,,SS,,A,,S,,,活动·梦恋奇迹,童心爱恋,V1.5.1
80769,童心萌动,769,5,头饰,S,,SS,,,A,,A,,S,,,活动·梦恋奇迹,童心爱恋,V1.5.1
80770,童心环绕,770,5,手饰*双,A,,,SS,,SS,,S,,A,,,活动·梦恋奇迹,童心爱恋,V1.5.1
80771,缎花手饰,771,3,手饰*左,B,,S,,,S,,A,,A,,,浪·幻,,V1.5.1
80772,空灵扑克,772,5,手持*右,SS,,,SS,,A,,B,B,,,,浪·幻,魔术大师,V1.5.1
80773,黑耀手杖,773,5,手持*左,,S,SS,,A,,A,,B,,,,浪·幻,魔术大师,V1.5.1
80774,魔幻领结,774,5,颈饰*项链,A,,,SS,,S,A,,B,,,,浪·幻,魔术大师,V1.5.1
80775,魔术手套,775,5,手饰*双,,SS,S,,A,,A,,,A,,,浪·幻,魔术大师,V1.5.1
80776,次元礼帽,776,5,头饰,S,,S,,SS,,B,,,A,,,浪·幻,魔术大师,V1.5.1
80777,域莲,777,5,头饰,S,,SS,,,A,,A,B,,,,浪·幻,雪莲,V1.5.1
80778,玲珑心,778,5,颈饰*项链,A,,S,,SS,,A,,A,,,,浪·幻,雪莲,V1.5.1
80779,莲影手套,779,5,手饰*双,,S,S,,S,,S,,,A,,,浪·幻,雪莲,V1.5.1
80780,欧风发带,780,4,头饰,A,,S,,SS,,,A,,A,,,兑·仙履,蒸汽朋克,V1.5.1
80781,工艺颈饰,781,4,颈饰*项链,,S,A,,A,,S,,,S,,,兑·仙履,蒸汽朋克,V1.5.1
80782,欧风发带·红,782,4,头饰,A,,,SS,,SS,,A,,A,,,设·定780,,V1.5.1
80783,鸡米包,783,3,特殊*肩部,A,,,S,,S,,A,A,,,,店·金币,,V1.5.1
80784,蝴蝶结手链·红,784,4,手饰*左,,A,,S,,SS,,B,A,,,,店·金币,跃动少女,V1.5.2
80785,Nikki泳圈·黄,785,4,手持*右,A,,,S,,S,,A,A,,,,店·金币,跃动少女,V1.5.2
80786,赤焰蝴蝶结,786,4,头饰,A,,,A,,SS,,SS,B,,,,店·金币,跃动少女,V1.5.2
80787,Nikki颈圈·黑,787,4,颈饰*项链,,SS,SS,,A,,A,,A,,,,设·定803,,V1.5.2
80788,夜色蝴蝶结,788,4,头饰,A,,,SS,,S,,A,B,,,,设·定786,,V1.5.2
80789,Nikki颈圈·粉,789,4,颈饰*项链,A,,,S,,S,,SS,B,,,,设·定803,,V1.5.2
80790,蝴蝶结手链·粉,790,4,手饰*左,A,,,S,,SS,,A,A,,,,设·定784,,V1.5.2
80791,Nikki泳圈·蓝,791,4,手持*右,A,,,S,,SS,,A,A,,,,设·定785,,V1.5.2
80792,跃动蝴蝶结,792,4,头饰,,S,,A,,S,,S,A,,,,设·定786,,V1.5.2
80795,万圣颈链,795,5,颈饰*项链,SS,,S,,A,,SS,,A,,,,设·图,绮幻万圣夜,V1.5.3
80796,万圣手环,796,5,手饰*双,A,,,A,SS,,S,,S,,,,设·图,绮幻万圣夜,V1.5.3
80797,万圣夜灯,797,5,手持*左,SS,,SS,,A,,S,,A,,,,设·图,绮幻万圣夜,V1.5.3
80798,魔法扫帚,798,5,手持*右,A,,,SS,,SS,A,,A,,,,设·图,绮幻万圣夜,V1.5.3
80799,蝙蝠耳饰,799,5,耳饰,,A,A,,SS,,SS,,A,,,,设·图,,V1.5.3
80800,万圣巫师帽,800,5,头饰,A,,,SS,,SS,A,,,A,,,设·图,绮幻万圣夜,V1.5.3
80803,Nikki颈圈·红,803,4,颈饰*项链,,SS,,A,,A,S,,A,,,,店·金币,跃动少女,V1.5.2
80810,明后包,810,4,特殊*肩部,A,,,S,,SS,,A,,A,,,赠·签到,,V1.5.3
80811,潮流圆帽,811,4,头饰,A,,S,,,S,,A,,A,,,赠·签到,,V1.6.1
80812,穿花蛱蝶,812,4,颈饰*项链,,S,SS,,A,,A,,A,,,,赠·签到,,V1.6.1
80814,圆形挎包·优雅,814,3,特殊*肩部,A,,S,,S,,B,,,B,,,11-6少,,V1.6.5
80815,圆形挎包·深邃,815,3,特殊*肩部,,A,B,,S,,S,,,A,,,设·定814,,V1.6.5
80816,圆形挎包·简约,816,3,特殊*肩部,,B,S,,A,,,S,,A,,,设·定814,,V1.6.5
80817,斑马记忆,817,3,手持*左,A,,S,,S,,A,,,B,,,11-支2少,,V1.6.5
80822,夜蔷薇,822,4,手持*左,A,,S,,SS,,A,,,A,,,设·图,黑白名媛,V1.5.2
80823,淑女复古帽,823,4,头饰,A,,SS,,S,,A,,,A,,,设·图,黑白名媛,V1.5.2
80824,银钗茉莉,824,5,头饰,SS,,S,,S,,B,,S,,,,店·金币,素馨茉莉,V1.5.3
80825,茉莉银耳,825,5,耳饰,A,,SS,,S,,S,,A,,,,店·金币,素馨茉莉,V1.5.3
80826,双瓣茉莉,826,5,手饰*双,S,,SS,,A,,S,,A,,,,店·金币,素馨茉莉,V1.5.3
80827,素馨包,827,5,手持*左,A,,SS,,A,,SS,,A,,,,店·钻石,素馨茉莉,V1.5.3
80828,木犀链,828,5,颈饰*项链,S,,SS,,A,,A,,A,,,,店·钻石,素馨茉莉,V1.5.3
80829,花链,829,3,颈饰*项链,B,,B,,S,,SS,,,B,,,赠·签到,,V1.6.1
80831,黑丝手套,831,3,手饰*双,B,,SS,,S,,B,,,A,,,赠·签到,,V1.6.1
80832,黑丝礼帽,832,3,头饰,B,,S,,S,,B,,,A,,,赠·签到,,V1.6.1
80833,万圣夜灯·绮夜,833,5,手持*左,SS,,S,,A,,A,,A,,,,设·定797,,V1.5.3
80834,万圣巫师帽·绮夜,834,5,头饰,SS,,,A,,A,SS,,A,,,,设·定800,,V1.5.3
80835,CacheCache,835,3,特殊*前景,C,,,C,,C,,C,C,,,,兑·花园,,V1.6.1
80836,清纱曲,836,4,特殊*肩部,B,,A,,,SS,,S,,A,,,兑·花园,舞蝶吟,V1.5.3
80837,清河画,837,4,头饰,A,,,A,,SS,,S,,A,,,兑·花园,舞蝶吟,V1.5.3
80838,偶像手套,838,4,手饰*双,,A,,SS,,S,,A,A,,,,设·重构,,V1.5.3
80839,梦想之音,839,4,手持*左,,A,,SS,,S,,A,A,,,,设·重构,,V1.5.3
80840,爱心颈圈,840,4,颈饰*项链,,A,,S,,S,,S,A,,,,设·重构,,V1.5.3
80841,爱心小帽,841,4,头饰,,A,,S,,S,,A,A,,,,设·重构,,V1.5.3
80842,偶像手套·华丽,842,5,手饰*双,SS,,,SS,,A,,B,,S,,,设·进838,奇迹之心,V1.5.3
80843,梦想之音·华丽,843,5,手持*左,A,,,SS,,SS,,S,,A,,,设·进839,奇迹之心,V1.5.3
80844,爱心颈圈·华丽,844,5,颈饰*项链,S,,,S,,S,,S,,S,,,设·进840,奇迹之心,V1.5.3
80845,爱心蛋糕帽,845,5,头饰,A,,,S,,SS,,A,,S,,,设·进841,奇迹之心,V1.5.3
80846,偶像手套·蓝,846,5,手饰*双,S,,,A,,S,,SS,,A,,,设·定842,,V1.5.3
80847,梦想之音·蓝,847,5,手持*左,A,,,SS,,SS,,A,,A,,,设·定843,,V1.5.3
80848,爱心颈圈·蓝,848,5,颈饰*项链,A,,,SS,,SS,,A,,A,,,设·定844,,V1.5.3
80849,蓝莓蛋糕帽,849,5,头饰,A,,,SS,,S,,S,,S,,,设·定845,,V1.5.3
80850,丹顶鹤冠,850,4,头饰,A,,SS,,S,,,A,,A,,,设·重构,,V1.5.3
80851,骖鹤驭凤,851,4,特殊*肩部,,S,SS,,A,,,A,,S,,,设·重构,,V1.5.3
80852,凤鸣鹤唳,852,4,颈饰*项链,,S,SS,,B,,,A,,B,,,设·重构,,V1.5.3
80853,鹤衔珠联,853,5,耳饰,SS,,SS,,A,,,A,,S,,,设·重构,鸣鹤之应,V1.5.3
80854,丹顶鹤冠·华丽,854,5,头饰,SS,,SS,,A,,,A,,A,,,设·进850,鸣鹤之应,V1.5.3
80855,骖鹤驭凤·华丽,855,5,特殊*肩部,SS,,SS,,A,,,A,,A,,,设·进851,鸣鹤之应,V1.5.3
80856,凤鸣鹤唳·华丽,856,5,颈饰*项链,SS,,S,,S,,,S,,S,,,设·进852,鸣鹤之应,V1.5.3
80872,馥郁羽翼,872,3,头饰,A,,A,,,S,,S,A,,,,店·金币,,V1.6.1
80873,女神花环,873,4,头饰,A,,A,,,SS,,S,A,,,,联盟·梦幻,梦幻礼服,V1.6.1
80874,粉宝石颈饰,874,4,颈饰*项链,S,,SS,,,A,,A,A,,,,联盟·梦幻,梦幻礼服,V1.6.1
80875,梦礼纱,875,4,腰饰,SS,,S,,,A,,S,A,,,,联盟·梦幻,梦幻礼服,V1.6.1
80876,青春主义,876,3,头饰,,B,A,,,S,,S,A,,,,联盟·梦幻,童话萌萝,V1.6.1
80877,莉莉丝花束,877,4,手持*左,A,,S,,,A,,SS,A,,,,联盟·梦幻,童话萌萝,V1.6.1
80878,星愿发卡,878,2,头饰,S,,S,,B,,B,,,B,,,联盟·委托,,V1.6.1
80879,星愿吊坠,879,3,颈饰*项链,SS,,S,,A,,B,,,A,,,联盟·委托,,V1.6.1
80880,星愿耳环,880,4,耳饰,S,,S,,A,,S,,,A,,,联盟·委托,,V1.6.1
80882,鸳鸯笔,882,3,头饰,A,,,A,,S,,S,,B,,,联盟·梦幻,水墨抄,V1.6.1
80883,思君归,883,4,颈饰*项链,A,,,A,,SS,,S,,A,中式现代,,联盟·梦幻,水墨抄,V1.6.1
80884,芙蓉蕊,884,4,头饰,S,,SS,,A,,,A,B,,,,联盟·梦幻,秋水芙蓉,V1.6.1
80885,芙蓉露,885,3,颈饰*项链,B,,SS,,A,,,S,B,,,,联盟·梦幻,秋水芙蓉,V1.6.1
80886,芙蓉仙,886,4,特殊*肩部,A,,SS,,A,,,S,A,,,,联盟·梦幻,秋水芙蓉,V1.6.1
80887,王室职责,887,4,腰饰,,S,SS,,A,,,A,,A,侠客联盟,,联盟·小铺,,V1.6.1
80888,天蓝薄纱,888,4,手饰*双,,S,SS,,A,,,A,,A,,,联盟·小铺,,V1.6.1
80889,曜月心灯,889,5,特殊*前景,SS,,SS,,A,,A,,,A,,,活动·满天繁星,心月狐,V1.6.2
80890,寒冰之证,890,5,手持*左,SS,,S,,A,,A,,,S,侠客联盟,,联盟·小铺,公主的戎装,V1.6.1
80891,公主的戎装,891,5,腰饰,S,,S,,S,,S,,,S,侠客联盟,,设·进887,公主的戎装,V1.6.1
80892,冰雪之握,892,5,手饰*双,S,,SS,,,A,,S,,S,,,设·进888,公主的戎装,V1.6.1
80893,冰雪王冠,893,5,头饰,SS,,SS,,S,,,A,,A,,,联盟·小铺,公主的戎装,V1.6.1
80894,涎玉沫珠,894,3,颈饰*项链,B,,S,,S,,A,,,B,,,设·图,,V1.6.5
80895,涎玉沫珠·华丽,895,4,颈饰*项链,S,,SS,,A,,A,,,B,,,设·进894,靡颜佚貌,V1.6.5
80896,涎玉沫珠·绿茵,896,4,颈饰*项链,S,,SS,,A,,A,,,B,,,设·定895,,V1.6.5
80897,涎玉沫珠·蓝紫,897,4,颈饰*项链,A,,S,,SS,,S,,,A,,,设·定895,,V1.6.5
80898,实木调色盘,898,4,手持*右,A,,,A,,SS,,S,,A,,,设·图,油画家,V1.6.5
80899,双子画笔,899,4,手持*左,A,,,S,,S,,S,,A,,,设·图,油画家,V1.6.5
80900,蓓蕾画家帽,900,3,头饰,B,,,S,,S,,A,,A,,,设·图,油画家,V1.6.5
80901,蜡笔发卡,901,3,特殊*发饰,,A,,B,,S,,S,,A,,,设·图,油画家,V1.6.5
80902,蓓蕾画家帽·黑,902,3,头饰,,A,S,,S,,,B,,A,,,设·定900,,V1.6.5
80903,蓓蕾画家帽·蓝,903,3,头饰,,A,B,,S,,S,,,A,,,设·定900,,V1.6.5
80904,蔓越梅,904,3,头饰,A,,,A,,S,,S,B,,,,设·图,红莓绢蝶,V1.6.5
80905,蔓越橘,905,3,颈饰*项链,B,,,B,,S,,S,A,,,,设·图,红莓绢蝶,V1.6.5
80906,掠夺耳环,906,3,耳饰,A,,A,,S,,S,,,B,,,设·图,亚尼拉海盗,V1.6.5
80907,突击步枪,907,5,手持*左,A,,A,,SS,,SS,,,A,,,设·图,亚尼拉海盗,V1.6.5
80908,骷髅海盗帽,908,5,头饰,A,,S,,SS,,SS,,,A,,,设·图,亚尼拉海盗,V1.6.5
80909,骷髅项链,909,4,颈饰*项链,B,,SS,,SS,,A,,,B,,,设·图,亚尼拉海盗,V1.6.5
80914,巧克力提包,914,4,手持*左,A,,S,,S,,,A,,A,,,店·金币,巧克力物语,V1.6.1
80915,巧克力圆帽,915,4,头饰,S,,SS,,A,,,B,,A,,,店·金币,巧克力物语,V1.6.1
80916,巧克力提包·棕,916,4,手持*左,A,,SS,,S,,,A,,B,,,设·定914,,V1.6.1
80917,巧克力圆帽·棕,917,4,头饰,A,,S,,,SS,,A,,A,,,设·定915,,V1.6.1
80918,明珠,918,3,颈饰*项链,,S,S,,A,,A,,A,,,,店·金币,,V1.6.1
80919,月寒樱,919,4,头饰,A,,SS,,,B,,SS,A,,,,赠,花间序,V1.6.1
80920,花笺坠,920,4,耳饰,,S,SS,,A,,A,,A,,,,赠,花间序,V1.6.1
80921,烟云锦,921,4,腰饰,A,,S,,,A,,SS,A,,,,赠,花间序,V1.6.1
80923,花迭罗,923,5,头饰,SS,,SS,,A,,A,,,A,,,活动·满天繁星,心月狐,V1.6.2
80924,心月狐耳,924,5,特殊*耳部,A,,SS,,A,,SS,,,A,,,活动·满天繁星,心月狐,V1.6.2
80925,心月狐尾,925,5,特殊*尾部,SS,,A,,S,,SS,,,A,,,活动·满天繁星,心月狐,V1.6.2
80926,瑶台玉雾,926,5,特殊*前景,SS,,SS,,A,,,A,,S,,,活动·满天繁星,亢金龙,V1.6.2
80927,游龙钗,927,5,头饰,S,,A,,SS,,SS,,,A,,,活动·满天繁星,亢金龙,V1.6.2
80928,玉龙琴,928,5,手持*右,SS,,S,,A,,S,,,A,,,活动·满天繁星,亢金龙,V1.6.2
80929,瑶台寿客,929,5,特殊*背景,SS,,A,,A,,SS,,,A,,,活动·满天繁星,亢金龙,V1.6.2
80930,蝶舞飘零,930,3,手饰*左,,S,A,,,A,,S,B,,,,11-8公,,V1.6.5
80932,蝶舞流转,932,3,颈饰*项链,,S,A,,,A,,S,A,,,,11-支3公,,V1.6.5
80933,蝶舞飘零·华丽,933,4,手饰*左,B,,SS,,SS,,A,,B,,,,设·进930,,V1.6.5
80935,蝶舞流转·华丽,935,4,颈饰*项链,A,,A,,,SS,,S,A,,,,设·进932,,V1.6.5
80936,蝶舞飘零·珍稀,936,5,手饰*左,S,,SS,,A,,S,,S,,,,设·进933,蝶舞翩跹,V1.6.5
80938,蝶舞流转·珍稀,938,5,颈饰*项链,SS,,SS,,A,,A,,A,,,,设·进935,蝶舞翩跹,V1.6.5
80939,蝶舞飘零·紫蝶,939,5,手饰*左,B,,S,,SS,,SS,,A,,,,设·定936,,V1.6.5
80941,蝶舞流转·紫蝶,941,5,颈饰*项链,S,,A,,SS,,SS,,S,,,,设·定938,,V1.6.5
80942,蝶舞飘零·粉蝶,942,5,手饰*左,A,,SS,,,SS,,S,A,,,,设·定936,,V1.6.5
80944,蝶舞流转·粉蝶,944,5,颈饰*项链,S,,A,,,SS,,SS,A,,,,设·定938,,V1.6.5
80945,草莓糕点,945,3,特殊*发饰,,S,,A,,S,,A,A,,,,11-5公,,V1.6.5
80946,草莓竹篮,946,3,手持*左,,A,,S,,S,,B,A,,,,11-支2公,,V1.6.5
80947,草莓糕点·华丽,947,4,特殊*发饰,A,,A,,,SS,,S,B,,,,设·进945,,V1.6.5
80948,草莓竹篮·华丽,948,4,手持*左,A,,B,,,S,,SS,A,,,,设·进946,,V1.6.5
80949,草莓糕点·珍稀,949,5,特殊*发饰,S,,A,,,SS,,A,S,,,,设·进947,采撷草莓,V1.6.5
80950,草莓竹篮·珍稀,950,5,手持*左,B,,S,,,B,,S,A,,,,设·进948,采撷草莓,V1.6.5
80951,草莓竹篮·抹茶,951,5,手持*左,SS,,SS,,,A,,S,A,,,,设·定950,,V1.6.5
80952,百华,952,5,头饰,SS,,SS,,,A,,A,A,,,,赠·充值,花蔓定制,V1.6.2
80953,花蔓珍珠·手链,953,5,手饰*左,A,,SS,,SS,,A,,A,,,,赠·充值,花蔓定制,V1.6.2
80954,花蔓珍珠·项链,954,5,颈饰*项链,S,,SS,,SS,,A,,A,,,,赠·充值,花蔓定制,V1.6.2
80955,青蝶,955,3,颈饰*项链,,SS,B,,,A,,S,B,,,,赠·签到,,V1.6.4
80956,青瓷,956,3,手持*左,B,,S,,S,,,B,A,,,,赠·签到,,V1.6.5
80958,纪念日,958,5,特殊*背景,A,,,S,,S,,A,A,,,,店·金币,生日贺礼,V1.6.2
80959,轻舞,959,5,手持*右,A,,,S,,S,,A,A,,,,店·金币,生日贺礼,V1.6.2
80960,奇缘,960,5,手饰*双,A,,,A,,SS,,SS,B,,,,店·金币,生日贺礼,V1.6.2
80961,唯一,961,5,头饰,A,,,S,,SS,,A,A,,,,店·金币,生日贺礼,V1.6.2
80962,礼盒,962,5,手持*左,A,,,SS,,SS,,A,A,,,,店·金币,生日贺礼,V1.6.2
80963,丝带,963,5,颈饰*项链,A,,,S,,SS,,A,B,,,,店·金币,生日贺礼,V1.6.2
80964,优雅之羽,964,3,头饰,SS,,B,,B,,SS,,B,,,,店·金币,,V1.6.1
80965,性感天使,965,3,腰饰,SS,,B,,B,,SS,,B,,,,店·金币,,V1.6.1
80966,流星坠落,966,3,特殊*肩部,B,,S,,S,,,A,A,,,,赠·成就,,V1.6.5
80973,平安愿,973,4,头饰,B,,SS,,SS,,A,,A,,,,活动·圣诞节,驯鹿的祝福,V1.6.4
80974,冰晶坠,974,4,耳饰,,S,S,,,A,,S,A,,,,活动·圣诞节,驯鹿的祝福,V1.6.4
80975,奇妙礼物盒,975,4,手持*左,SS,,SS,,,A,A,,A,,,,活动·圣诞节,驯鹿的祝福,V1.6.4
80976,金粉情缘,976,4,手饰*双,A,,S,,S,,A,,A,,,,活动·圣诞节,驯鹿的祝福,V1.6.4
80977,鹿角冰晶,977,4,颈饰*项链,,S,S,,B,,A,,A,,,,活动·圣诞节,驯鹿的祝福,V1.6.4
80978,驯鹿抱枕,978,4,手持*右,S,,,SS,,S,,A,A,,小动物,,活动·圣诞节,驯鹿的祝福,V1.6.4
80979,贵妇扣包,979,4,手持*左,S,,SS,,A,,A,,,A,中式现代,,赠,花遇时光,V1.6.4
80980,暖绒手套,980,4,手饰*双,S,,S,,A,,A,,,S,,,赠,花遇时光,V1.6.4
80981,纸燕藏,981,4,手持*左,A,,,S,,SS,,S,B,,中式现代,,活动·元旦彩灯,诵霓裳,V1.6.4
80982,莺啼项,982,4,颈饰*项链,,SS,,S,,B,,A,A,,,,活动·元旦彩灯,诵霓裳,V1.6.4
80983,喜年旺,983,4,头饰,A,,,S,,SS,,A,A,,中式现代,,活动·元旦彩灯,诵霓裳,V1.6.4
80984,缤纷发卡,984,5,特殊*发饰,A,,,SS,,SS,,A,,S,,,活动·圣诞节,缤纷圣诞夜,V1.6.4
80985,星晶鹿冠,985,5,头饰,SS,,SS,,A,,A,,,A,童话系,小动物,活动·圣诞节,缤纷圣诞夜,V1.6.4
80986,圣诞金铃,986,5,手持*左,S,,,SS,,SS,,A,,A,,,活动·圣诞节,缤纷圣诞夜,V1.6.4
80987,缤纷领结,987,5,颈饰*项链,A,,,SS,,SS,,S,,S,,,活动·圣诞节,缤纷圣诞夜,V1.6.4
80995,冬日围巾,995,3,颈饰*围巾,A,,S,,S,,,B,,A,冬装,,设·图,,V1.6.3
80996,麋鹿发卡,996,3,头饰,B,,,S,,S,,B,,A,小动物,,设·图,,V1.6.3
80997,铃铛手提包,997,3,手持*左,A,,,SS,,S,,B,,B,,,设·图,,V1.6.3
81027,二月歌,1027,4,特殊*背景,SS,,S,,,A,,A,A,,,,活动·冰雪舞会,春之少女,V1.6.5
81022,春回,1022,2,颈饰*项链,,S,B,,,B,,S,B,,,,活动·冰雪舞会,春之少女,V1.6.5
81021,春之呢喃,1021,2,头饰,,B,B,,,S,,S,A,,,,活动·冰雪舞会,春之少女,V1.6.5
81031,冬耀,1031,5,耳饰,A,,A,,SS,,SS,,A,,,,设·图,雪之女王,V1.6.5
81030,辉耀,1030,5,特殊*背景,SS,,SS,,A,,A,,S,,,,设·图,雪之女王,V1.6.5
81029,冰晶王冠,1029,5,头饰,A,,A,,SS,,SS,,A,,,,设·图,雪之女王,V1.6.5
81026,春回·珍稀,1026,4,颈饰*项链,S,,S,,,A,,A,A,,,,设·进1024,春之少女,V1.6.5
81025,春之呢喃·珍稀,1025,4,头饰,S,,SS,,,S,,A,B,,,,设·进1023,春之少女,V1.6.5
81024,春回·华丽,1024,3,颈饰*项链,B,,A,,,S,,S,A,,,,设·进1022,,V1.6.5
81023,春之呢喃·华丽,1023,3,头饰,A,,A,,,S,,S,A,,,,设·进1021,,V1.6.5
80957,青环,957,3,手饰*左,B,,SS,,A,,,S,B,,,,赠·签到,,V1.6.4
81028,凛冬之握,1028,5,手持*右,A,,SS,,SS,,A,,A,,,,赠·成就,,V1.6.5
81035,洁白喵尾,1035,5,特殊*尾部,A,,,SS,,SS,,A,,A,小动物,,活动·春节福袋,福祉铃喵,V1.6.6
81054,黑耀礼帽,1054,5,头饰,A,,S,,SS,,S,,,S,,,活动·春节福袋,羁绊娇犬,V1.6.6
81055,黑耀领结,1055,5,颈饰*项链,S,,A,,SS,,SS,,,A,,,活动·春节福袋,羁绊娇犬,V1.6.6
81056,金耀手镯,1056,5,手饰*左,,S,SS,,S,,A,,,S,,,活动·春节福袋,羁绊娇犬,V1.6.6
81057,黑耀手套,1057,5,手饰*双,A,,A,,SS,,SS,,,A,,,活动·春节福袋,羁绊娇犬,V1.6.6
81058,贵宾犬,1058,5,手持*左,SS,,S,,A,,S,,,A,小动物,,活动·春节福袋,羁绊娇犬,V1.6.6
81059,恋沫叶,1059,4,手饰*双,A,,,A,,SS,,SS,A,,,,兑·花园,三叶恋,V1.6.6
81060,双子叶,1060,4,颈饰*项链,A,,,A,,S,,S,A,,,,兑·花园,三叶恋,V1.6.6
81061,车轴草,1061,4,头饰,A,,,S,,SS,,A,A,,,,兑·花园,三叶恋,V1.6.6
81062,幸运草,1062,4,耳饰,A,,,A,,S,,S,A,,,,兑·花园,三叶恋,V1.6.6
81063,恋叶包,1063,4,特殊*肩部,A,,,A,,S,,S,A,,,,兑·花园,三叶恋,V1.6.6
81064,四叶幸,1064,4,手持*右,A,,,SS,,SS,,A,A,,,,兑·花园,三叶恋,V1.6.6
81068,爱之王冠,1068,4,头饰,SS,,SS,,A,,A,,A,,,,联盟·小铺,,V1.6.6
81069,蜜雪糖霜,1069,4,手饰*双,S,,S,,S,,A,,A,,,,联盟·小铺,,V1.6.6
81070,非你莫属,1070,4,特殊*肩部,S,,SS,,A,,S,,B,,,,联盟·小铺,,V1.6.6
81071,爱之王冠·华丽,1071,5,头饰,SS,,SS,,A,,S,,A,,,,设·进1068,爱之王冠,V1.6.6
81072,蜜雪糖霜·华丽,1072,5,手饰*双,SS,,SS,,S,,A,,A,,,,设·进1069,爱之王冠,V1.6.6
81073,非你莫属·华丽,1073,5,特殊*肩部,SS,,SS,,A,,S,,A,,,,设·进1070,爱之王冠,V1.6.6
81075,竹叶冠,1075,5,头饰,S,,SS,,S,,,A,S,,,,赠·福袋,竹夜歌,V1.6.6
81076,竹节骨,1076,5,耳饰,A,,SS,,A,,,SS,S,,,,赠·福袋,竹夜歌,V1.6.6
81077,鹤膝竹,1077,5,特殊*肩部,SS,,SS,,S,,,A,A,,,,赠·福袋,竹夜歌,V1.6.6
81078,烟烛台,1078,5,特殊*背景,SS,,SS,,S,,,S,A,,中式古典,,赠·福袋,竹夜歌,V1.6.6
81083,复杂线条,1083,3,耳饰,B,,S,,A,,,S,A,,,,浪·云禅,,V1.6.6
81084,特殊印记,1084,4,手持*左,A,,A,,SS,,S,,,A,,,浪·云禅,,V1.6.6
81085,山烟雅坠,1085,3,头饰,A,,S,,S,,,A,,B,,,浪·云禅,,V1.6.6
81086,吉祥花结,1086,5,头饰,A,,,SS,,SS,,A,S,,中式现代,,浪·云禅,,V1.6.6
81087,吉祥坠,1087,5,耳饰,A,,SS,,SS,,A,,A,,,,浪·云禅,,V1.6.6
81088,剪红窗,1088,5,手持*左,A,,SS,,SS,,S,,B,,中式现代,,浪·云禅,,V1.6.6
81089,吉祥花结·靛,1089,5,头饰,A,,SS,,A,,,S,S,,中式现代,,设·定1086,,V1.6.6
81090,吉祥坠·靛,1090,5,耳饰,A,,S,,SS,,A,,S,,,,设·定1087,,V1.6.6
81091,绘蓝瓷,1091,5,手持*左,A,,SS,,SS,,A,,S,,中式现代,,设·定1088,,V1.6.6
81092,青凰曲,1092,4,头饰,SS,,S,,A,,A,,A,,中式现代,,浪·云禅,,V1.6.6
81094,吉祥如意,1094,3,颈饰*围巾,B,,S,,B,,,A,,SS,中式现代,,浪·云禅,,V1.6.6
81095,金玉满堂,1095,3,腰饰,S,,S,,B,,B,,B,,中式现代,,浪·云禅,,V1.6.6
81096,恭送年年,1096,3,手饰*双,,B,,S,,SS,,B,B,,中式现代,小动物,浪·云禅,,V1.6.6
81097,左右逢源,1097,3,手饰*双,B,,S,,A,,,A,,S,中式现代,,浪·云禅,,V1.6.6
81098,萌兽年年,1098,3,头饰,,A,,S,,SS,,B,B,,中式现代,小动物,赠·一元购,,V1.6.6
81099,吉祥如意·蓝,1099,3,颈饰*围巾,A,,S,,A,,,A,,S,中式现代,,设·定1094,,V1.6.6
81100,左右逢源·蓝,1100,3,手饰*双,A,,S,,SS,,,A,,B,中式现代,,设·定1097,,V1.6.6
81105,雪绒喵爪,1105,5,手饰*双,A,,,SS,,S,,S,A,,小动物,,赠·成就,,V1.6.6
81120,百鸟觐贺,1120,5,特殊*背景,SS,,SS,,S,,A,,A,,小动物,,浪·云禅/兑·卧云,创世之凤舞,V1.6.6
81121,圣宜凤冠,1121,5,头饰,SS,,SS,,S,,S,,A,,中式古典,,浪·云禅/兑·卧云,创世之凤舞,V1.6.6
81122,凤鸣之信,1122,5,耳饰,A,,SS,,S,,S,,S,,,,浪·云禅/兑·卧云,创世之凤舞,V1.6.6
81124,鸿蒙云气,1124,5,特殊*前景,,SS,SS,,A,,A,,S,,,,浪·云禅/兑·卧云,天启之龙腾,V1.6.6
81125,龙腾九霄,1125,5,特殊*背景,SS,,SS,,S,,A,,A,,中式古典,,浪·云禅/兑·卧云,天启之龙腾,V1.6.6
81126,昊天云冠,1126,5,头饰,SS,,SS,,S,,A,,A,,中式古典,,浪·云禅/兑·卧云,天启之龙腾,V1.6.6
81127,天元圣光,1127,5,特殊*脚部,SS,,SS,,S,,A,,B,,,,浪·云禅/兑·卧云,天启之龙腾,V1.6.6
81128,如意金箍棒,1128,5,手持*左,SS,,,SS,,A,S,,A,,中式古典,侠客联盟,活动·春节福袋,齐天大圣,V1.6.6
81129,凤翅紫金冠,1129,5,头饰,S,,,SS,,SS,A,,A,,中式古典,侠客联盟,活动·春节福袋,齐天大圣,V1.6.6
81130,花月瑶,1130,5,颈饰*项链,SS,,SS,,,S,,A,A,,中式古典,,活动·春节福袋,花月谣,V1.6.6
81131,花月媱,1131,5,特殊*前景,A,,S,,,S,,SS,S,,,,活动·春节福袋,花月谣,V1.6.6
81132,花月榣,1132,5,头饰,A,,SS,,,S,,SS,A,,,,活动·春节福袋,花月谣,V1.6.6
81133,刺金凌云氅,1133,5,颈饰*围巾,SS,,SS,,A,,S,,,A,中式古典,侠客联盟,活动·春节福袋,齐天大圣,V1.6.6
81134,筋斗云,1134,5,特殊*背景,SS,,,S,,A,S,,S,,,,活动·春节福袋,齐天大圣,V1.6.6
81135,齐天擘蓝纹,1135,5,特殊*纹身,SS,,,S,,S,SS,,A,,,,活动·春节福袋,齐天大圣,V1.6.6
81138,水墨游龙,1138,5,特殊*背景,SS,,S,,A,,SS,,A,,中式古典,,设·定1125,,V1.6.6
81139,凛苍云冠,1139,5,头饰,SS,,S,,S,,A,,S,,中式古典,,设·定1126,,V1.6.6
81143,恋爱宝典·项链,1143,4,颈饰*项链,A,,,SS,,S,,A,A,,,,设·定991,,V1.6.6
81145,恋爱宝典·拎包,1145,4,手持*左,A,,,S,,S,,A,A,,,,设·定993,,V1.6.6
81146,恋爱宝典·头饰,1146,4,头饰,B,,,SS,,S,,A,S,,,,设·定994,,V1.6.6
81147,炽火凤冠,1147,5,头饰,SS,,SS,,S,,A,,,A,中式古典,,设·定1121,,V1.6.6
81148,炽天火凤,1148,5,特殊*背景,SS,,SS,,A,,A,,,A,小动物,,设·定1120,,V1.6.6
80968,柠檬手链,968,4,手饰*左,,S,,SS,,SS,,B,B,,,,兑·仙履,芸香柠檬,V1.6.6
80969,芸香礼帽,969,4,头饰,A,,S,,,A,,SS,A,,,,兑·仙履,芸香柠檬,V1.6.6
80970,臞小柠檬,970,4,特殊*发饰,A,,,S,,S,,S,A,,,,兑·仙履,芸香柠檬,V1.6.6
80971,柑桔吊坠,971,4,颈饰*项链,A,,,SS,,SS,,B,B,,,,兑·仙履,芸香柠檬,V1.6.6
80972,切片柠檬,972,4,手持*左,A,,,SS,,SS,,A,A,,,,兑·仙履,芸香柠檬,V1.6.6
80991,恋爱法则·项链,991,4,颈饰*项链,A,,,A,,S,,SS,A,,,,联盟·梦幻,恋爱法则,V1.6.6
80992,恋爱法则·手链,992,4,手饰*左,,S,S,,,A,,A,A,,,,联盟·梦幻,恋爱法则,V1.6.6
80993,恋爱法则·拎包,993,4,手持*左,A,,,A,,S,,S,A,,,,联盟·梦幻,恋爱法则,V1.6.6
80994,恋爱法则·头饰,994,4,头饰,A,,,A,,SS,,S,A,,,,联盟·梦幻,恋爱法则,V1.6.6
81110,残破枷锁,1110,5,特殊*提线,,S,A,,SS,,SS,,S,,童话系,,设·图,提线格莱斯,V1.6.6
81111,残破银冠,1111,5,头饰,,A,S,,SS,,SS,,A,,,,设·图,提线格莱斯,V1.6.6
81112,染血绷带,1112,5,手饰*左,,SS,S,,A,,S,,A,,,,赠·成就,提线格莱斯,V1.6.6
81113,束缚绷带,1113,5,颈饰*项链,,SS,A,,A,,SS,,A,,,,设·图,提线格莱斯,V1.6.6
81114,残破木偶,1114,5,特殊*皮肤,,S,A,,S,,SS,,S,,童话系,,设·图,提线格莱斯,V1.6.6
81115,魅惑银冠,1115,6,头饰,SS,,SS,,A,,S,,S,,,,设·进1111,格莱斯,V1.6.6
81116,提线枷锁,1116,6,特殊*提线,SS,,SS,,S,,A,,A,,童话系,,设·进1110,格莱斯,V1.6.6
81117,魅惑颈圈,1117,6,颈饰*项链,SS,,SS,,S,,A,,S,,,,设·进1113,格莱斯,V1.6.6
81118,提线木偶,1118,6,特殊*皮肤,A,,S,,SS,,SS,,A,,童话系,,设·进1114,格莱斯,V1.6.6
81119,魅惑颈圈·奇迹,1119,6,颈饰*项链,S,,SS,,S,,,SS,A,,,,设·定1117,,V1.6.6
81140,女侠戎帽·暗紫,1140,4,头饰,A,,SS,,S,,A,,A,,,,设·定988,,V1.6.6
81141,艾思项链·暗紫,1141,4,颈饰*项链,,SS,S,,A,,A,,A,,,,设·定989,,V1.6.6
81142,艾思之刃·暗紫,1142,4,手持*右,A,,A,,SS,,S,,A,,侠客联盟,,设·定990,,V1.6.6
80988,女侠戎帽,988,4,头饰,A,,A,,S,,SS,,,A,,,联盟·梦幻,戎衣女侠,V1.6.6
80989,艾思的项链,989,4,颈饰*项链,A,,A,,SS,,SS,,,A,,,联盟·梦幻,戎衣女侠,V1.6.6
80990,艾思之刃,990,4,手持*右,S,,A,,SS,,S,,,A,侠客联盟,,联盟·梦幻,戎衣女侠,V1.6.6
81045,桃灼春融,1045,4,头饰,A,,SS,,,A,,S,,B,,,活动·春节二选一,鸿运春桃,V1.6.6
81046,压岁钱,1046,4,手持*右,A,,S,,SS,,,A,,A,,,活动·春节二选一,鸿运春桃,V1.6.6
81047,年货拼盘,1047,4,手持*左,S,,SS,,A,,A,,,A,中式现代,小动物,活动·春节二选一,鸿运春桃,V1.6.6
81048,桃香娇俏,1048,4,耳饰,A,,SS,,SS,,A,,,A,,,赠·成就,,V1.6.6
81107,飘雪沁人心,1107,5,特殊*前景,SS,,S,,S,,,S,A,,,,活动·春节二选一,踏雪寻梅,V1.6.6
81108,暗香傲骨寒,1108,5,头饰,A,,SS,,S,,S,,S,,中式古典,,活动·春节二选一,踏雪寻梅,V1.6.6
81109,提灯染华裳,1109,5,手持*右,A,,S,,S,,,SS,A,,中式古典,,活动·春节二选一,踏雪寻梅,V1.6.6
81041,玉如意,1041,5,手持*左,S,,SS,,,A,,SS,,A,,,赠,金猴送福,V1.6.6
81042,福寿桃,1042,5,手持*右,A,,SS,,,A,,SS,,A,,,赠,金猴送福,V1.6.6
81043,毛绒猴帽,1043,5,颈饰*围巾,S,,,SS,,S,,S,,A,,,赠,金猴送福,V1.6.6
81044,金福猴尾,1044,5,特殊*尾部,A,,,SS,,SS,,S,,S,中式现代,小动物,赠,金猴送福,V1.6.6
81074,烟竹伴雪,1074,5,特殊*背景,A,,,SS,,SS,,A,S,,,,活动·新年签,,V1.6.6
81079,玫瑰环,1079,4,头饰,A,,S,,S,,,S,A,,,,活动·情人节,玫瑰情浓,V1.6.6
81080,玫瑰锁链,1080,4,手饰*左,,S,SS,,A,,,A,B,,,,活动·情人节,玫瑰情浓,V1.6.6
81081,玫瑰之钥,1081,4,颈饰*项链,,SS,SS,,A,,,B,A,,,,活动·情人节,玫瑰情浓,V1.6.6
81082,独一无二,1082,4,手持*右,B,,S,,,A,,SS,A,,,,活动·情人节,玫瑰情浓,V1.6.6
81102,流心挂坠,1102,3,头饰,A,,,S,,S,,A,A,,,,活动·情人节,蜜语甜心,V1.6.6
81103,相思依恋,1103,3,特殊*肩部,B,,,S,,S,,A,A,,,,活动·情人节,蜜语甜心,V1.6.6
81104,爱的告白,1104,3,耳饰,A,,,A,,S,,S,B,,,,赠·成就,,V1.6.6
81106,情丝千缕,1106,3,颈饰*项链,B,,,S,,S,,A,A,,,,活动·情人节,蜜语甜心,V1.6.6
81036,锦瑞福灯,1036,5,手持*右,A,,,SS,,S,,A,,A,小动物,,暂无,灵猴献瑞,V1.6.6
81037,灯瑞,1037,5,耳饰,A,,,SS,,SS,,A,,S,,,暂无,灵猴献瑞,V1.6.6
81038,福瑞灵耳,1038,5,头饰,A,,,SS,,SS,,S,,A,,,暂无,灵猴献瑞,V1.6.6
81039,暖瑞,1039,5,手饰*双,A,,,SS,,SS,,A,,A,,,暂无,灵猴献瑞,V1.6.6
81040,灵瑞猴尾,1040,5,特殊*尾部,A,,,SS,,SS,,A,,A,小动物,,暂无,灵猴献瑞,V1.6.6
80967,星尘消散,967,3,头饰,B,,S,,S,,,A,A,,,,赠·签到,,V1.6.5