关卡号,F品名单,部位,编号
1-1,随意青春·黄,外套,220
1-1,游园·黄,连衣裙,401
1-1,游园·粉,连衣裙,402
1-1,游园·黑,连衣裙,403
1-1,游园·紫,连衣裙,404
1-1,森歌,外套,218
1-2,相思意,连衣裙,270
1-2,画金屏,连衣裙,274
1-2,密云飞,连衣裙,275
1-2,祥云舞·蓝,连衣裙,394
1-2,方中矩,上衣,413
1-2,绿烟,连衣裙,060
1-2,春山新雨,外套,260
1-2,祥云舞·赤,连衣裙,393
1-2,水墨抄·衣,上衣,409
1-2,森女羊,连衣裙,435
1-2,森女羊·华丽,连衣裙,436
1-3,小名媛,外套,230
1-3,小名媛·华丽,外套,231
1-3,小名媛·珍稀,外套,232
1-3,芙蓉曲,连衣裙,571
1-3,花间序,连衣裙,583
1-3,一品朱衣,连衣裙,584
1-4,纳尔,连衣裙,181
1-4,半色调·灰,外套,261
1-4,浮影·银灰,连衣裙,356
1-4,条纹吊带衫·白,上衣,399
1-4,条纹吊带衫·黑,上衣,400
1-4,祈祷之音,连衣裙,482
1-4,祈祷之音·华丽,连衣裙,483
1-4,祈祷之音·珍稀,连衣裙,484
1-4,天启之龙腾,连衣裙,640
1-4,纳尔,连衣裙,181
1-4,流霞缎,外套,213
1-4,流霞缎·紫,外套,214
1-4,维纳斯之舞,连衣裙,259
1-4,暮霭苍琅,连衣裙,335
1-4,静谧夜色·下,下装,368
1-5,幻眠·蓝,下装,351
1-5,幻眠·妃,下装,352
1-5,香甜梦境·蓝,上衣,380
1-5,香甜梦境·妃,上衣,381
1-5,星星百褶裙,下装,383
1-5,赤云玄铁绔,下装,395
1-5,火炮兰,连衣裙,405
1-5,抹胸小马甲,上衣,415
1-5,金猴送福,上衣,421
1-5,火箭背带裤,下装,032
1-5,幻眠,下装,350
1-5,机械之心·下,下装,402
1-5,机械之心·上,上衣,437
1-5,香甜梦境,上衣,379
1-5,幻眠,下装,350
1-6,茶花纱缎,外套,226
1-6,茶花纱缎·华丽,外套,227
1-6,浮影·银灰,连衣裙,356
1-6,梦幻礼服裙,下装,375
1-6,流霞缎,外套,213
1-6,流霞缎·紫,外套,214
1-6,春山新雨,外套,260
1-6,月色无边·白,上衣,336
1-6,梦幻礼服衣,上衣,408
1-6,水芝,连衣裙,648
1-6,云端初见,连衣裙,377
1-6,山茶春色,连衣裙,413
1-6,桃花歌,连衣裙,429
1-7,神圣医者·裙,下装,148
1-7,流霞缎,外套,213
1-7,流霞缎·紫,外套,214
1-7,条纹绅士·外套,外套,215
1-7,祈祷之音,连衣裙,482
1-7,祈祷之音·华丽,连衣裙,483
1-7,祈祷之音·珍稀,连衣裙,484
1-7,高腰短裤,下装,008
1-7,高腰短裤,下装,008
1-7,星星连衣裙,连衣裙,083
1-7,条纹绅士·外套,外套,215
1-7,茶花纱缎,外套,226
1-7,茶花纱缎·华丽,外套,227
1-7,丝绸衬衫,上衣,354
1-7,冬雪,上衣,373
1-8,星河纱巾,外套,233
1-8,渲色优雅,下装,391
1-8,墨色琉璃,上衣,423
1-8,亚尼拉海盗,连衣裙,577
1-8,NR-001,连衣裙,734
1-8,暗夜森林·珍稀,外套,225
1-8,超级特工·衣,上衣,243
1-8,韶颜倾城·墨,连衣裙,398
1-8,精灵鹿后,连衣裙,406
1-8,黑暗精灵·珍稀,连衣裙,418
1-8,夜魄千魅,连衣裙,517
1-8,提线格莱斯,连衣裙,636
1-9,漆黑隧道,袜子-袜套,310
1-9,魔力·珍稀,上衣,384
1-9,魔力·华丽,上衣,385
1-9,魔力,上衣,386
1-9,破碎星空·玄,上衣,402
1-9,破碎星空·幻,上衣,403
1-9,刺客信念·醇酒,连衣裙,491
1-9,亚尼拉海盗,连衣裙,577
1-9,枫女忍,连衣裙,127
1-9,鬼姬冥花,连衣裙,130
1-9,暗夜森林·珍稀,外套,225
1-9,初云裤·墨,下装,332
1-9,北地英姿·裤,下装,333
1-9,北地英姿·衣,上衣,353
1-9,破碎星空·梦,上衣,401
1-9,精灵鹿后,连衣裙,406
1-9,黑暗精灵·珍稀,连衣裙,418
1-9,滑板战衣,上衣,438
1-9,刺客信念,连衣裙,489
1-9,刺客信念·华丽,连衣裙,490
2-1,幻眠·蓝,下装,351
2-1,幻眠·妃,下装,352
2-1,香甜梦境,上衣,379
2-1,香甜梦境·蓝,上衣,380
2-1,香甜梦境·妃,上衣,381
2-1,啵啵的连衣裙,连衣裙,570
2-1,采撷草莓,连衣裙,591
2-1,采撷草莓·华丽,连衣裙,592
2-1,采撷草莓·珍稀,连衣裙,593
2-1,采撷草莓·蓝提,连衣裙,594
2-1,采撷草莓·抹茶,连衣裙,595
2-1,恋爱法则·裙子,连衣裙,605
2-1,三叶恋,连衣裙,623
2-1,蜜圆,连衣裙,624
2-1,曲意怜心,连衣裙,725
2-1,明珠缘女,连衣裙,727
2-1,缘灯寄吾思,连衣裙,728
2-1,明珠缘女·粉,连衣裙,739
2-1,幻眠,下装,350
2-1,贺礼,连衣裙,598
2-1,芸香柠檬,连衣裙,600
2-1,粉色风暴·上衣,上衣,271
2-1,粉色风暴·下装,下装,260
2-2,随意青春·黄,外套,220
2-2,随意青春·绿,外套,221
2-2,游园·黄,连衣裙,401
2-2,游园·粉,连衣裙,402
2-2,游园·黑,连衣裙,403
2-2,游园·紫,连衣裙,404
2-2,诵霓裳·衣,上衣,417
2-2,格蕾雅·红酒,连衣裙,027
2-2,格蕾雅·果派,连衣裙,028
2-2,绿烟,连衣裙,060
2-3,信鸽庄园,连衣裙,176
2-3,纳尔,连衣裙,181
2-3,条纹绅士·外套,外套,215
2-3,仙雾森林·珍稀,外套,223
2-3,维纳斯之舞,连衣裙,259
2-3,半色调·灰,外套,261
2-3,条纹绅士·长裤,下装,334
2-3,静谧夜色·下,下装,368
2-3,韶颜倾城·墨,连衣裙,398
2-3,条纹吊带衫·黑,上衣,400
2-3,祈祷之音,连衣裙,482
2-3,祈祷之音·华丽,连衣裙,483
2-3,祈祷之音·珍稀,连衣裙,484
2-3,莫逆于心,连衣裙,602
2-3,天启之龙腾,连衣裙,640
2-3,流霞缎,外套,213
2-3,流霞缎·紫,外套,214
2-3,茶花纱缎,外套,226
2-3,茶花纱缎·华丽,外套,227
2-4,随意青春·黄,外套,220
2-4,随意青春·绿,外套,221
2-4,暖暖的连衣裙,连衣裙,331
2-4,幻眠·蓝,下装,351
2-4,幻眠·妃,下装,352
2-4,水墨抄·裙,下装,376
2-4,香甜梦境,上衣,379
2-4,香甜梦境·蓝,上衣,380
2-4,香甜梦境·妃,上衣,381
2-4,学士服,连衣裙,480
2-4,大地图腾,连衣裙,518
2-4,部落图腾,连衣裙,519
2-4,幻眠,下装,350
2-4,奇迹之心·蓝,上衣,407
2-5,随意青春·黄,外套,220
2-5,女神·银丝毛衣,上衣,361
2-5,魔力·华丽,上衣,385
2-5,魔力,上衣,386
2-5,游园·黄,连衣裙,401
2-5,游园·粉,连衣裙,402
2-5,游园·黑,连衣裙,403
2-5,游园·紫,连衣裙,404
2-5,学士服,连衣裙,520
2-6,枫女忍,连衣裙,127
2-6,糖果娃娃·华丽,连衣裙,480
2-6,糖果娃娃·珍稀,连衣裙,481
2-6,少女浪漫谭·珍稀,连衣裙,680
2-6,悔多情,连衣裙,381
2-7,战魂,连衣裙,152
2-7,随意青春·绿,外套,221
2-7,绵羊外套,外套,236
2-7,真丝睡衣·白,连衣裙,351
2-7,真丝睡衣·粉,连衣裙,352
2-7,真丝睡衣·蓝,连衣裙,353
2-8,檀扣·赤,上衣,302
2-8,檀扣·绿,上衣,303
2-8,金菊呈祥·落花,连衣裙,318
2-8,荷花吟·裙,下装,337
2-8,白天鹅,连衣裙,343
2-8,梦幻礼服裙,下装,375
2-8,悔多情,连衣裙,381
2-8,梦幻礼服衣,上衣,408
2-8,山茶春色,连衣裙,413
2-8,山茶春色·华丽,连衣裙,414
2-8,糖果娃娃·华丽,连衣裙,480
2-8,糖果娃娃·珍稀,连衣裙,481
2-8,淡络葡提,连衣裙,512
2-8,少女浪漫谭,连衣裙,678
2-8,少女浪漫谭·华丽,连衣裙,679
2-8,少女浪漫谭·珍稀,连衣裙,680
2-8,少女浪漫谭·玫,连衣裙,681
2-8,少女浪漫谭·露,连衣裙,682
2-8,少女浪漫谭·梦,连衣裙,683
2-8,星影,连衣裙,716
2-8,公爵千金·下装,下装,063
2-8,金菊呈祥,连衣裙,065
2-8,翠竹阁,连衣裙,067
2-8,白绸裤,下装,389
2-8,花间序,连衣裙,583
2-8,贺礼,连衣裙,598
2-8,桃心骑士,连衣裙,650
2-8,水芝之约·夏,连衣裙,654
2-8,岚谧轻粉,连衣裙,064
2-8,岚谧轻翠,连衣裙,319
2-8,岚谧轻海,连衣裙,320
2-8,岚谧轻蕊,连衣裙,321
2-9,孔雀东南飞,连衣裙,134
2-9,钻影披风·华丽,外套,217
2-9,钻影披风,外套,239
2-9,安娜小姐·珍稀,连衣裙,409
2-9,靡颜佚貌·华丽,连衣裙,573
2-9,蓝凰调,连衣裙,631
2-9,高腰娃娃裙·蓝,连衣裙,033
2-9,星光曲·紫,连衣裙,040
2-9,星光曲·绿,连衣裙,041
2-9,星河曲·白,连衣裙,042
2-9,幽兰曲裾,连衣裙,137
2-9,缤纷圣诞夜,连衣裙,603
2-支1,陆军少校,外套,254
2-支1,冰蓝长裙,下装,379
2-支1,诵霓裳·裙,下装,385
2-支1,诵霓裳·裙,下装,385
2-支1,韶颜倾城·墨,连衣裙,398
2-支1,安娜小姐·珍稀,连衣裙,409
2-支1,姹紫嫣红·珍稀,连衣裙,412
2-支1,战斗日常,上衣,412
2-支1,战斗日常,上衣,412
2-支1,飒爽英姿,上衣,434
2-支1,飒爽英姿·华丽,上衣,435
2-支1,飒爽英姿·珍稀,上衣,436
2-支1,飒爽英姿·珍稀,上衣,436
2-支1,绮幻万圣夜,连衣裙,546
2-支1,靡颜佚貌·华丽,连衣裙,573
2-支1,蝶舞翩跹·珍稀,连衣裙,588
2-支1,蝶舞翩跹·紫蝶,连衣裙,589
2-支1,蝶舞翩跹·粉蝶,连衣裙,590
2-支1,创世之凤舞,连衣裙,639
2-支1,天启之龙腾,连衣裙,640
2-支1,虚实境·阴,连衣裙,696
2-支1,虚实境·阳,连衣裙,697
2-支1,缤纷圣诞夜,连衣裙,603
2-支1,与子成说,连衣裙,652
2-支1,与子偕老,连衣裙,655
2-支1,虚实境·阴,连衣裙,696
2-支1,虚实境·阳,连衣裙,697
2-支1,虚实境·华丽,连衣裙,695
2-支1,虚实境,连衣裙,694
2-支1,八音盒舞步,连衣裙,662
2-支2,条纹绅士·外套,外套,215
2-支2,高腰短裤,下装,008
3-1,采茶曲·上衣,上衣,350
3-1,浮影·银灰,连衣裙,356
3-1,云端初见,连衣裙,377
3-1,祥云舞·赤,连衣裙,393
3-1,祈祷之音,连衣裙,482
3-1,祈祷之音·华丽,连衣裙,483
3-1,祈祷之音·珍稀,连衣裙,484
3-1,典雅长裙·米,连衣裙,499
3-1,典雅长裙·粉,连衣裙,500
3-1,典雅长裙·青,连衣裙,501
3-1,典雅长裙·靛,连衣裙,502
3-1,高音谱号,连衣裙,698
3-1,青春变奏章,连衣裙,705
3-1,绿烟,连衣裙,060
3-1,流霞缎,外套,213
3-1,流霞缎·紫,外套,214
3-1,茶花纱缎,外套,226
3-1,茶花纱缎·华丽,外套,227
3-1,小满制服·蓝,连衣裙,340
3-1,小满制服·格纹,连衣裙,341
3-1,校服裙,连衣裙,349
3-1,美好心思,上衣,455
3-1,许你独特回忆,连衣裙,731
3-1,为你预谋惊喜,连衣裙,733
3-1,未知喜悦,连衣裙,732
3-2,塔罗下装·珍稀,下装,335
3-2,塔罗下装,下装,341
3-2,塔罗下装·华丽,下装,342
3-2,月之咒语·下,下装,409
3-2,心之咒语·下,下装,410
3-2,亚尼拉海盗,连衣裙,577
3-2,巧克力女仆,连衣裙,070
3-2,性感不良·热裤,下装,093
3-2,超级特工·裤,下装,247
3-2,刺客信念·华丽,连衣裙,490
3-3,祈祷之音,连衣裙,482
3-3,祈祷之音·华丽,连衣裙,483
3-3,茶花纱缎,外套,226
3-3,茶花纱缎·华丽,外套,227
3-3,祈祷之音·珍稀,连衣裙,484
3-4,恋伊,连衣裙,225
3-4,芙蓉浦·素,上衣,309
3-4,芙蓉浦·哑,上衣,310
3-4,芙蓉浦·赤,上衣,311
3-4,梦幻礼服裙,下装,375
3-4,梦幻礼服衣,上衣,408
3-4,山茶春色,连衣裙,413
3-4,包子娘·裤,下装,414
3-4,山茶春色·华丽,连衣裙,414
3-4,流霞缎,外套,213
3-4,流霞缎·紫,外套,214
3-4,茶花纱缎,外套,226
3-4,茶花纱缎·华丽,外套,227
3-4,春山新雨,外套,260
3-4,森女羊,连衣裙,435
3-4,森女羊·华丽,连衣裙,436
3-4,采撷草莓,连衣裙,591
3-4,采撷草莓·华丽,连衣裙,592
3-4,采撷草莓·珍稀,连衣裙,593
3-4,采撷草莓·蓝提,连衣裙,594
3-4,采撷草莓·抹茶,连衣裙,595
3-5,游园·黄,连衣裙,401
3-5,游园·粉,连衣裙,402
3-5,游园·黑,连衣裙,403
3-5,花开富贵,上衣,424
3-5,格调短裙·棕,下装,004
3-5,经典牛仔裤,下装,049
3-5,躲猫猫,下装,095
3-5,雪花的秘密,连衣裙,149
3-5,束腰蓝裙,下装,240
3-5,风信子,上衣,256
3-5,游园·紫,连衣裙,404
3-7,梦幻礼服裙,下装,375
3-7,红棉水,连衣裙,384
3-7,梦幻礼服衣,上衣,408
3-7,山茶春色,连衣裙,413
3-7,包子娘·裤,下装,414
3-7,包子娘·衣,上衣,450
3-7,山枝桠,连衣裙,460
3-7,繁花圆舞曲,连衣裙,549
3-7,蝶舞翩跹,连衣裙,586
3-7,蝶舞翩跹·华丽,连衣裙,587
3-7,蝶舞翩跹·珍稀,连衣裙,588
3-7,蝶舞翩跹·紫蝶,连衣裙,589
3-7,蝶舞翩跹·粉蝶,连衣裙,590
3-7,玫瑰盛宴,连衣裙,628
3-7,祥云盘蕊,外套,314
3-7,白绸裤,下装,389
3-7,蓝色百合·华丽,连衣裙,391
3-7,山茶春色·华丽,连衣裙,414
3-7,花间序,连衣裙,583
3-7,采撷草莓,连衣裙,591
3-7,采撷草莓·华丽,连衣裙,592
3-7,采撷草莓·珍稀,连衣裙,593
3-7,采撷草莓·蓝提,连衣裙,594
3-7,采撷草莓·抹茶,连衣裙,595
3-7,贺礼,连衣裙,598
3-7,水芝之约·夏,连衣裙,654
3-7,悔多情,连衣裙,381
3-8,那些花儿,连衣裙,221
3-8,普通浴衣,连衣裙,328
3-8,随性短裤·蓝,下装,001
3-8,格调短裙·棕,下装,004
3-8,熊猫睡衣·上装,上衣,080
3-8,翠意,连衣裙,116
3-8,普通浴巾,连衣裙,139
3-8,雪花的秘密,连衣裙,149
3-8,西岚,上衣,240
3-8,娇俏劳模·上,上衣,449
3-8,娇俏劳模·下,下装,413
3-8,女神领域,连衣裙,098
3-9,流霞缎,外套,213
3-9,职业短裙·黑,下装,286
3-9,夜色如歌,下装,371
3-9,蝶兰抹胸·华丽,上衣,092
3-9,流霞缎·紫,外套,214
3-9,静谧夜色·下,下装,368
3-9,亚尼拉海盗,连衣裙,577
3-10,幻眠·蓝,下装,351
3-10,幻眠·妃,下装,352
3-10,香甜梦境,上衣,379
3-10,香甜梦境·蓝,上衣,380
3-10,香甜梦境·妃,上衣,381
3-10,三叶恋,连衣裙,623
3-10,幻眠,下装,350
3-10,恋爱法则·裙子,连衣裙,605
3-11,钻影披风·华丽,外套,217
3-11,安娜小姐·珍稀,连衣裙,409
3-11,靡颜佚貌,连衣裙,572
3-11,靡颜佚貌·华丽,连衣裙,573
3-11,靡颜佚貌·绿茵,连衣裙,574
3-11,靡颜佚貌·蓝紫,连衣裙,575
3-11,高腰娃娃裙·粉,连衣裙,032
3-11,高腰娃娃裙·蓝,连衣裙,033
3-11,扬舞·黄,连衣裙,038
3-11,星光曲·紫,连衣裙,040
3-11,星光曲·绿,连衣裙,041
3-11,星河曲·白,连衣裙,042
3-11,舞会皇后,连衣裙,076
3-11,钻影披风,外套,239
3-11,缤纷圣诞夜,连衣裙,603
3-12,游园·黄,连衣裙,401
3-12,游园·粉,连衣裙,402
3-12,游园·黑,连衣裙,403
3-12,格蕾雅·红酒,连衣裙,027
3-12,全面发展,下装,318
3-12,学海无涯,上衣,339
3-12,水手少女·白,连衣裙,372
3-12,游园·紫,连衣裙,404
3-支1,绿烟林微,连衣裙,061
3-支1,田园珍珠·红,连衣裙,496
3-支2,幽冥死神,连衣裙,492
3-支2,蝶舞翩跹·华丽,连衣裙,587
3-支2,蝶舞翩跹·珍稀,连衣裙,588
3-支2,蝶舞翩跹·紫蝶,连衣裙,589
3-支2,蝶舞翩跹·粉蝶,连衣裙,590
3-支2,黑白交响乐,连衣裙,702
3-支2,幽冥死神·昼,连衣裙,493
3-支2,幽冥死神·夜,连衣裙,494
4-1,枫糖毛衣,上衣,268
4-1,格蕾雅·红酒,连衣裙,027
4-1,格蕾雅·红酒,连衣裙,027
4-3,钻影披风·华丽,外套,217
4-3,钻影披风,外套,239
4-4,白天鹅,连衣裙,343
4-4,梦幻礼服裙,下装,375
4-4,梦幻礼服衣,上衣,408
4-4,糖果娃娃·华丽,连衣裙,480
4-4,采撷草莓,连衣裙,591
4-4,采撷草莓·华丽,连衣裙,592
4-4,采撷草莓·珍稀,连衣裙,593
4-4,采撷草莓·蓝提,连衣裙,594
4-4,采撷草莓·抹茶,连衣裙,595
4-4,贺礼,连衣裙,598
4-5,红围裙,下装,103
4-5,普通浴衣,连衣裙,328
4-5,熟韵女郎,上衣,004
4-5,无畏,下装,086
4-5,白色热裤,下装,212
4-6,暖暖之舞,连衣裙,180
4-6,钻影披风·华丽,外套,217
4-6,暗夜森林·珍稀,外套,225
4-6,超级特工·衣,上衣,243
4-6,黑天鹅,连衣裙,342
4-6,怪盗上衣·华丽,上衣,356
4-6,黑色鱼尾裙,下装,362
4-6,魔术下装,下装,366
4-6,静谧夜色·下,下装,368
4-6,巧克力制服,上衣,391
4-6,魔术上衣,上衣,394
4-6,韶颜倾城·墨,连衣裙,398
4-6,圣灵天使,连衣裙,495
4-6,靡颜佚貌·华丽,连衣裙,573
4-6,靡颜佚貌·绿茵,连衣裙,574
4-6,靡颜佚貌·蓝紫,连衣裙,575
4-6,九天帝女,连衣裙,585
4-6,玄灵之凤舞,连衣裙,645
4-6,与子成说,连衣裙,652
4-6,红女巫,连衣裙,024
4-6,高腰娃娃裙·粉,连衣裙,032
4-6,高腰娃娃裙·蓝,连衣裙,033
4-6,雍容鱼尾,下装,064
4-6,上海滩,连衣裙,073
4-6,上海一梦,连衣裙,074
4-6,上海烟云梦,连衣裙,075
4-6,金叶婀娜,连衣裙,174
4-6,钻影披风,外套,239
4-6,夜徒,下装,349
4-6,坚贞信仰,上衣,378
4-6,墨色琉璃,上衣,423
4-6,幽冥死神,连衣裙,492
4-6,幽冥死神·昼,连衣裙,493
4-6,幽冥死神·夜,连衣裙,494
4-6,雪莲精灵,连衣裙,541
4-6,靡颜佚貌,连衣裙,572
4-6,创世之凤舞,连衣裙,639
4-6,天启之龙腾,连衣裙,640
4-7,古墓谪仙,连衣裙,126
4-7,韶颜倾城,连衣裙,397
4-7,姹紫嫣红·珍稀,连衣裙,412
4-7,岚谧轻粉,连衣裙,064
4-7,金菊呈祥,连衣裙,065
4-7,芷兰袄,上衣,090
4-7,月影轩,连衣裙,278
4-7,巧克力物语,连衣裙,578
4-7,一品朱衣,连衣裙,584
4-9,芙蓉曲,连衣裙,571
4-9,花间序,连衣裙,583
4-9,一品朱衣,连衣裙,584
4-11,神圣医者·裙,下装,148
4-11,流霞缎,外套,213
4-11,流霞缎·紫,外套,214
4-11,茶花纱缎,外套,226
4-11,茶花纱缎·华丽,外套,227
4-11,怪盗绅士·下装,下装,344
4-11,轻羽裙·灰,连衣裙,503
4-11,轻羽裙·粉,连衣裙,504
4-11,轻羽裙·青,连衣裙,505
4-11,轻羽裙·蓝,连衣裙,506
4-11,罪爱之花·蓝,连衣裙,508
4-11,罪爱之花·红,连衣裙,509
4-11,熟韵女郎,上衣,004
4-11,黑白配,连衣裙,072
4-11,小满制服·蓝,连衣裙,340
4-11,小满制服·格纹,连衣裙,341
4-11,罪爱之花·白,连衣裙,507
4-支1,水母小姐,连衣裙,124
4-支1,水母公主,连衣裙,125
4-支1,时空穿越,下装,338
4-支1,幻眠·蓝,下装,351
4-支1,幻眠·妃,下装,352
4-支1,甜美格纹·下,下装,369
4-支1,香甜梦境,上衣,379
4-支1,香甜梦境·蓝,上衣,380
4-支1,香甜梦境·妃,上衣,381
4-支1,童心爱恋,连衣裙,537
4-支1,啵啵的连衣裙,连衣裙,570
4-支1,芸香柠檬,连衣裙,600
4-支1,蜜圆,连衣裙,624
4-支1,翠竹阁,连衣裙,067
4-支1,罂粟千狐,连衣裙,133
4-支1,幻眠,下装,350
4-支1,恋爱法则·裙子,连衣裙,605
4-支1,三叶恋,连衣裙,623
4-支2,躲猫猫,下装,095
4-支2,红围裙,下装,103
4-支2,初云裤·蓝,下装,331
4-支2,初云衫·蓝,上衣,351
4-支3,幻眠,下装,350
4-支3,幻眠·蓝,下装,351
4-支3,幻眠·妃,下装,352
4-支3,香甜梦境,上衣,379
4-支3,香甜梦境·蓝,上衣,380
4-支3,香甜梦境·妃,上衣,381
4-支3,爱心靴裤·蓝,下装,026
4-支3,爱心靴裤·紫,下装,027
4-支3,爱心靴裤·白,下装,028
5-1,好意,连衣裙,158
5-1,普通浴衣,连衣裙,328
5-1,躲猫猫,下装,095
5-1,红围裙,下装,103
5-1,雪花的秘密,连衣裙,149
5-1,雪耳,连衣裙,157
5-1,那些花儿,连衣裙,221
5-1,束腰蓝裙,下装,240
5-1,风信子,上衣,256
5-1,游园·紫,连衣裙,404
5-2,流霞缎,外套,213
5-2,条纹绅士·外套,外套,214
5-2,茶花纱缎·华丽,外套,227
5-2,祈祷之音·华丽,连衣裙,483
5-2,祈祷之音·珍稀,连衣裙,484
5-2,罪爱之花·蓝,连衣裙,508
5-2,罪爱之花·红,连衣裙,509
5-2,流霞缎·紫,外套,214
5-2,茶花纱缎,外套,226
5-2,祈祷之音,连衣裙,482
5-2,罪爱之花·白,连衣裙,507
5-4,钻影披风,外套,239
5-4,彼岸花,外套,050
5-4,彼岸花·华丽,外套,051
5-4,彼岸花·珍稀,外套,052
5-4,蒙太古公子,外套,057
5-4,花月裴,外套,205
5-4,幽冥死神,连衣裙,492
5-4,幽冥死神·昼,连衣裙,493
5-4,幽冥死神·夜,连衣裙,494
5-6,相思意,连衣裙,270
5-6,嘴硬心软,连衣裙,551
5-7,水母公主,连衣裙,125
5-7,金色阳光,连衣裙,704
5-8,纳尔,连衣裙,181
5-8,占卜师衣橱,连衣裙,203
5-8,名媛连衣裙·棕,连衣裙,314
5-8,名媛连衣裙·白,连衣裙,315
5-8,名媛连衣裙,连衣裙,062
5-8,红晕,上衣,253
5-8,黄鹂,连衣裙,296
5-8,冬雪,上衣,373
5-8,罪爱之花·白,连衣裙,507
5-8,罪爱之花·蓝,连衣裙,508
5-8,罪爱之花·红,连衣裙,509
5-8,美好心思,上衣,455
5-9,仙雾森林·珍稀,连衣裙,223
5-9,幽冥死神,连衣裙,492
5-9,圣灵天使,连衣裙,495
5-9,蝶舞翩跹,连衣裙,586
5-9,蝶舞翩跹,连衣裙,586
5-9,蝶舞翩跹·华丽,连衣裙,587
5-9,蝶舞翩跹·华丽,连衣裙,587
5-9,蝶舞翩跹·珍稀,连衣裙,588
5-9,蝶舞翩跹·珍稀,连衣裙,588
5-9,蝶舞翩跹·紫蝶,连衣裙,589
5-9,蝶舞翩跹·紫蝶,连衣裙,589
5-9,蝶舞翩跹·粉蝶,连衣裙,590
5-9,蝶舞翩跹·粉蝶,连衣裙,590
5-9,精灵鹿后,连衣裙,406
5-9,花蔓定制,连衣裙,596
5-10,梦幻礼服裙,下装,375
5-10,梦幻礼服衣,上衣,408
5-10,飞羽,连衣裙,581
5-10,蝶舞翩跹,连衣裙,586
5-10,蝶舞翩跹·华丽,连衣裙,587
5-10,蝶舞翩跹·珍稀,连衣裙,588
5-10,蝶舞翩跹·紫蝶,连衣裙,589
5-10,蝶舞翩跹·粉蝶,连衣裙,590
5-10,白雪侍应生,连衣裙,239
5-10,糖果娃娃·珍稀,连衣裙,481
5-10,花间序,连衣裙,583
5-10,采撷草莓,连衣裙,591
5-10,采撷草莓·华丽,连衣裙,592
5-10,采撷草莓·珍稀,连衣裙,593
5-10,采撷草莓·蓝提,连衣裙,594
5-10,采撷草莓·抹茶,连衣裙,595
5-10,春之少女·珍稀,连衣裙,615
5-10,桃心骑士,连衣裙,650
5-10,水芝之约·夏,连衣裙,654
5-11,无畏,下装,086
5-11,侠客行,上衣,347
5-12,蓝瓷·裙,下装,329
5-12,采茶曲·裙,下装,330
5-12,冬眠,连衣裙,167
5-12,花月裴,外套,205
5-12,戏水裳,连衣裙,264
5-12,采茶曲·上衣,上衣,350
5-12,水墨抄·裙,下装,376
5-12,诵霓裳·裙,下装,385
5-12,祥云舞·赤,连衣裙,393
5-12,福星高照,下装,393
5-12,祥云舞·蓝,连衣裙,394
5-12,水墨抄·衣,上衣,409
5-12,莫逆于心,连衣裙,602
5-支1,煎黄蕊,连衣裙,268
5-支1,画金屏,连衣裙,274
5-支1,幻眠·蓝,下装,351
5-支1,幻眠·妃,下装,352
5-支1,香甜梦境,上衣,379
5-支1,香甜梦境·蓝,上衣,380
5-支1,香甜梦境·妃,上衣,381
5-支1,许你独特回忆,连衣裙,731
5-支1,未知喜悦,连衣裙,732
5-支1,为你预谋惊喜,连衣裙,733
5-支1,格蕾雅·红酒,连衣裙,027
5-支1,围裙小姐,连衣裙,143
5-支1,摩卡,连衣裙,159
5-支1,浅空,连衣裙,187
5-支1,天空棉花糖,连衣裙,209
5-支1,慕冬天使,连衣裙,249
5-支1,慕冬天使·粉,连衣裙,251
5-支1,相思意,连衣裙,270
5-支1,小满校服·红,连衣裙,347
5-支1,幻眠,下装,350
5-支1,白绸裤,下装,389
5-支1,森女羊,连衣裙,435
5-支1,美好心思,上衣,455
5-支2,普通外套,外套,102
5-支2,初云裤·蓝,下装,331
5-支2,船锚上衣·蓝,上衣,341
5-支2,蓝瓷·上衣,上衣,349
5-支2,初云衫·蓝,上衣,351
5-支2,小帆船,连衣裙,371
5-支2,游园·黄,连衣裙,401
5-支2,游园·粉,连衣裙,402
5-支2,游园·黑,连衣裙,403
5-支2,包子娘·裤,下装,414
5-支2,诵霓裳·衣,上衣,417
5-支2,金猴送福,上衣,421
5-支2,针织背心·蓝,外套,008
5-支2,躲猫猫,下装,095
5-支2,芷兰下裳,下装,098
5-支2,毛毡短裤,下装,113
5-支2,毛毡短裤,下装,113
5-支2,好意,连衣裙,158
5-支2,星河纱巾,外套,233
5-支2,苏打水·蓝,上衣,248
5-支2,风信子,上衣,256
5-支2,水手少女·白,连衣裙,372
5-支2,游园·紫,连衣裙,404
5-支3,茶花纱缎·华丽,外套,227
5-支3,茶花纱缎,外套,226
6-1,幻眠·蓝,下装,351
6-1,幻眠·妃,下装,352
6-1,香甜梦境,上衣,379
6-1,香甜梦境·蓝,上衣,380
6-1,香甜梦境·妃,上衣,381
6-1,马戏团冒险·下,下装,408
6-1,金猴送福,上衣,421
6-1,童心爱恋,连衣裙,537
6-1,蜜圆,连衣裙,624
6-1,许你独特回忆,连衣裙,731
6-1,未知喜悦,连衣裙,732
6-1,为你预谋惊喜,连衣裙,733
6-1,绵羊外套·华丽,外套,219
6-1,幻眠,下装,350
6-1,贺礼,连衣裙,598
6-2,小满制服·蓝,连衣裙,340
6-2,小满制服·格纹,连衣裙,341
6-2,浮影·银灰,连衣裙,356
6-2,芙蓉曲,连衣裙,571
6-3,青花瓷,连衣裙,305
6-3,山茶春色·华丽,连衣裙,414
6-3,糖果娃娃·华丽,连衣裙,480
6-3,糖果娃娃·珍稀,连衣裙,481
6-3,山茶春色,连衣裙,413
6-3,糖果娃娃,连衣裙,479
6-4,随意青春·黄,外套,220
6-4,随意青春·绿,外套,221
6-4,初云裤·蓝,下装,331
6-4,初云衫·蓝,上衣,351
6-4,勇敢的心·红,上衣,375
6-4,勇敢的心·黑,上衣,376
6-4,格蕾雅·红酒,连衣裙,027
6-4,格蕾雅·果派,连衣裙,028
6-4,熊猫睡衣·上装,上衣,080
6-4,天蓝衬衫,上衣,410
6-5,马戏团冒险·下,下装,408
6-5,马戏团冒险·上,上衣,443
6-5,马戏团奇妙夜,上衣,444
6-5,啵啵的连衣裙,连衣裙,570
6-5,灵猴献瑞,连衣裙,619
6-5,蜜语甜心,连衣裙,634
6-6,奶油号角,上衣,118
6-6,樱桃汽水,上衣,132
6-6,花香,上衣,133
6-6,甜蜜夹心·蓝,下装,136
6-6,钻影披风·华丽,外套,217
6-6,钻影披风,外套,239
6-6,束腰蓝裙,下装,240
6-6,水手服上衣·粉,上衣,307
6-6,月光海·白,下装,315
6-6,职业秘书·裤,下装,319
6-6,船锚上衣·蓝,上衣,341
6-6,娇俏劳模·下,下装,413
6-6,娇俏劳模·上,上衣,449
6-6,格调短裙·棕,下装,004
6-6,珍珠纱裙·蓝,下装,031
6-6,沁蜜桃·裤裙,下装,070
6-6,樱桃色拉,连衣裙,094
6-6,躲猫猫,下装,095
6-6,水手服上衣,上衣,099
6-6,红围裙,下装,103
6-6,夏日假期·白,下装,140
6-6,小然,下装,141
6-6,诵霓裳·衣,上衣,417
6-6,水手少女·白,连衣裙,372
6-7,煌曲,外套,140
6-7,时空穿越,下装,338
6-7,幻眠·蓝,下装,351
6-7,幻眠·妃,下装,352
6-7,水墨抄·裙,下装,376
6-7,香甜梦境,上衣,379
6-7,香甜梦境·蓝,上衣,380
6-7,香甜梦境·妃,上衣,381
6-7,童心爱恋,连衣裙,537
6-7,灵猴献瑞,连衣裙,619
6-7,蜜圆,连衣裙,624
6-7,粉翼·珍稀,外套,045
6-7,紫翼·珍稀,外套,046
6-7,幻眠,下装,350
6-7,金猴送福,上衣,421
6-7,山枝桠,连衣裙,460
6-7,田园珍珠·红,连衣裙,496
6-8,流霞缎·紫,外套,214
6-8,仙雾森林·珍稀,外套,224
6-8,茶花纱缎·华丽,外套,227
6-8,流霞缎,外套,213
6-8,茶花纱缎,外套,226
6-9,雪山上的礼物,外套,125
6-9,花月裴,外套,205
6-10,包子娘·裤,下装,414
6-10,金猴送福,上衣,421
6-10,包子娘·衣,上衣,450
6-10,灵猴献瑞,连衣裙,619
6-10,蜜圆,连衣裙,624
6-10,白绸裤,下装,389
6-支1,亚尼拉海盗,连衣裙,577
6-支1,花蔓定制,连衣裙,596
6-支2,马戏团冒险·下,下装,408
6-支2,马戏团冒险·上,上衣,443
6-支2,机械之心·上,上衣,437
7-1,啄夕,连衣裙,291
7-1,岭梅,连衣裙,292
7-1,初云衫·墨,上衣,352
7-1,镜中花,连衣裙,355
7-1,静谧夜色·下,下装,368
7-1,少女浪漫谭,连衣裙,678
7-1,少女浪漫谭·华丽,连衣裙,679
7-1,少女浪漫谭·珍稀,连衣裙,680
7-1,少女浪漫谭·露,连衣裙,682
7-1,少女浪漫谭·玫,连衣裙,683
7-1,少女浪漫谭·梦,连衣裙,683
7-1,曲意怜心,连衣裙,725
7-1,星之海,连衣裙,080
7-1,仙雾森林·珍稀,外套,224
7-1,维纳斯之舞,连衣裙,259
7-1,西江月,连衣裙,282
7-1,牡丹吟·华丽,连衣裙,308
7-2,蔷薇花园,外套,018
7-2,巫女的短衣,外套,035
7-2,吾皇至上,外套,082
7-2,清兰依,外套,163
7-2,繁华梦·华丽,外套,201
7-2,繁华梦·珍稀,外套,202
7-3,西江月,连衣裙,282
7-3,滑板战衣,上衣,438
7-3,轻羽裙·灰,连衣裙,503
7-4,九天帝女,连衣裙,585
7-4,芙蓉曲,连衣裙,571
7-4,一品朱衣,连衣裙,584
7-5,游园·黄,连衣裙,401
7-5,游园·粉,连衣裙,402
7-5,游园·黑,连衣裙,403
7-5,红围裙,下装,103
7-5,游园·紫,连衣裙,404
7-6,钻石人鱼,连衣裙,396
7-6,星光曲·紫,连衣裙,040
7-6,星光曲·绿,连衣裙,041
7-6,星河曲·白,连衣裙,042
7-6,金叶婀娜,连衣裙,174
7-8,牛仔风情,外套,037
7-8,千尘,外套,159
7-8,牛仔小妞,外套,036
7-9,森女羊,连衣裙,435
7-9,森女羊·华丽,连衣裙,436
7-9,围裙小姐,连衣裙,143
7-9,暖秋·黄,连衣裙,155
7-9,暖秋·棕,连衣裙,156
7-9,美好心思,上衣,455
7-9,为你预谋惊喜,连衣裙,733
7-支1,西瓜皮,上衣,158
7-支1,清凉一夏·蓝,下装,204
7-支1,戏水裳,连衣裙,264
7-支1,芙蓉浦·素,上衣,309
7-支1,芙蓉浦·哑,上衣,310
7-支1,芙蓉浦·赤,上衣,311
7-支1,怪盗下装·华丽,下装,336
7-支1,怪盗绅士·下装,下装,344
7-支1,祈祷之音·华丽,连衣裙,483
7-支1,祈祷之音·珍稀,连衣裙,484
7-支1,邻家少女,连衣裙,484
7-支1,西瓜皮,上衣,158
7-支1,小满制服·蓝,连衣裙,340
7-支1,小满制服·格纹,连衣裙,341
7-支1,祈祷之音,连衣裙,482
7-支1,曲意怜心,连衣裙,725
7-支2,梦幻礼服裙,下装,375
7-支2,梦幻礼服衣,上衣,408
7-支2,糖果娃娃,连衣裙,479
7-支2,糖果娃娃·华丽,连衣裙,480
7-支2,糖果娃娃·珍稀,连衣裙,481
7-支2,贺礼,连衣裙,598
7-支4,水墨抄·裙,下装,376
7-支4,水墨抄·衣,上衣,409
7-支4,莫逆于心,连衣裙,602
8-2,花嫁头纱,特殊·头部,262
8-4,时尚搭配,上衣,191
8-4,学生主席,上衣,041
8-4,文明起源·白,上衣,042
8-4,文明起源·棕,上衣,043
8-4,线脚创意,下装,050
8-4,电视机,下装,199
8-4,普通连体裤,下装,241
8-4,职业秘书·衣,上衣,340
8-5,夕成玦·裙,下装,328
8-5,夕成玦·上衣,上衣,348
8-5,云端初见,连衣裙,377
8-5,山茶春色,连衣裙,413
8-5,桃花歌,连衣裙,429
8-5,花间序,连衣裙,583
8-6,繁华梦·珍稀,外套,202
8-6,花月裴,外套,205
8-7,花嫁头纱,特殊·头部,262
8-8,安灵镇魂曲·珍稀,连衣裙,567
8-8,小丑与钻石面具,连衣裙,670
8-8,黑白交响乐,连衣裙,702
8-8,星之海,连衣裙,080
8-9,花嫁头纱,特殊·头部,262
8-9,梦幻礼服裙,下装,375
8-9,梦幻礼服衣,上衣,408
8-支1,游侠,上衣,346
8-支1,侠客行,上衣,347
8-支2,春山新雨,外套,260
8-支2,花嫁头纱,特殊·头部,262
8-支3,钻影披风·华丽,外套,217
8-支3,花嫁头纱,特殊·头部,262
8-支3,安娜小姐·珍稀,连衣裙,409
8-支3,甜心公主,连衣裙,625
8-支3,甜心公主·华丽,连衣裙,626
8-支3,钻影披风,外套,239
9-1,娇俏劳模·上,上衣,449
9-1,格调短裙·棕,下装,004
9-1,白雪喵星人,连衣裙,006
9-1,雪花的秘密,连衣裙,149
9-4,九天帝女,连衣裙,585
9-4,喜绣缘,连衣裙,535
9-4,一品朱衣,连衣裙,584
9-5,煌曲,外套,140
9-5,腊月,外套,075
9-5,凝墨,外套,150
9-6-1,流霞缎,外套,213
9-6-1,流霞缎·紫,外套,214
9-6-1,条纹绅士·外套,外套,215
9-6-1,茶花纱缎,外套,226
9-6-1,茶花纱缎·华丽,外套,227
9-6-1,浮影·银灰,连衣裙,356
9-6-1,祈祷之音,连衣裙,482
9-6-1,祈祷之音·珍稀,连衣裙,484
9-6-1,雪之女王,连衣裙,616
9-6-1,维纳斯之舞,连衣裙,259
9-6-1,光明精灵,连衣裙,415
9-6-1,光明精灵·华丽,连衣裙,416
9-6-1,光明精灵·珍稀,连衣裙,417
9-6-1,祈祷之音·华丽,连衣裙,483
9-6-1,幽冥死神,连衣裙,492
9-6-1,镂空花连衣裙·黑,连衣裙,553
9-6-1,镂空花连衣裙·白,连衣裙,554
9-6-2,流霞缎,外套,213
9-6-2,流霞缎·紫,外套,214
9-6-2,仙雾森林·珍稀,外套,224
9-6-2,茶花纱缎,外套,226
9-6-2,茶花纱缎·华丽,外套,227
9-7,风度·棕,外套,003
9-8,森女羊,连衣裙,435
9-8,森女羊·华丽,连衣裙,436
9-9-1,特别行动,外套,149
9-9-2,幻眠·蓝,下装,351
9-9-2,幻眠·妃,下装,352
9-9-2,香甜梦境,上衣,379
9-9-2,香甜梦境·蓝,上衣,380
9-9-2,香甜梦境·妃,上衣,381
9-9-2,幻眠,下装,350
9-9-3,小名媛·华丽,外套,231
9-9-3,小名媛·珍稀,外套,232
9-9-3,玫瑰盛宴,连衣裙,628
9-9-3,小名媛,外套,230
9-9-3,夕夜迢迢,连衣裙,430
9-支2,森歌,外套,218
9-支2,森歌,外套,218
9-支2,星夜卜,外套,078
9-支3,魔力·珍稀,上衣,384
9-支3,魔力·华丽,上衣,385
9-支3,魔力,上衣,386
9-支3,滑板战衣,上衣,438
10-2,路白云,连衣裙,271
10-2,香代酒,连衣裙,272
10-2,密云飞,连衣裙,275
10-2,阑烛,连衣裙,276
10-3,煌曲,外套,140
10-3,繁华梦,外套,200
10-3,繁华梦·珍稀,外套,202
10-3,青花瓷,连衣裙,305
10-3,蓝瓷·裙,下装,329
10-3,采茶曲·裙,下装,330
10-3,蓝瓷·上衣,上衣,349
10-3,采茶曲·上衣,上衣,350
10-3,墨兰卷,连衣裙,392
10-3,祥云舞·赤,连衣裙,393
10-3,祥云舞·蓝,连衣裙,394
10-3,金猴送福,上衣,421
10-3,繁华梦·华丽,外套,201
10-3,水墨抄·裙,下装,376
10-3,水墨抄·衣,上衣,409
10-3,诵霓裳·衣,上衣,417
10-3,灵猴献瑞,连衣裙,619
10-3,蜜圆,连衣裙,624
10-4,精英马甲,外套,011
10-5,流霞缎,外套,213
10-5,流霞缎·紫,外套,214
10-5,茶花纱缎,外套,226
10-5,茶花纱缎·华丽,外套,227
10-5,水墨青花,连衣裙,399
10-5,素馨茉莉,连衣裙,557
10-8,女神·佳人,外套,240
10-8,枫叶大衣,外套,243
10-8,蕾丝外套·白,外套,246
10-8,蕾丝外套·月,外套,247
10-8,蕾丝外套·粉,外套,248
10-8,蕾丝外套·黑,外套,249
10-8,半色调·红,外套,262
10-8,半色调·蓝,外套,263
10-8,音学园·墨,外套,021
10-8,音学园·蓝,外套,022
10-8,音学园·白,外套,023
10-8,雪绒披肩,外套,266
10-9-1,特别行动,外套,149
10-9-1,星河纱巾,外套,233
10-9-1,彼岸花,外套,050
10-9-1,美味糕点,外套,070
10-9-1,星夜卜,外套,078
10-9-2,西瓜皮,上衣,158
10-9-2,流霞缎,外套,213
10-9-2,流霞缎·紫,外套,214
10-9-2,茶花纱缎,外套,226
10-9-2,茶花纱缎·华丽,外套,227
10-9-2,祈祷之音,连衣裙,482
10-支1,游园·黄,连衣裙,401
10-支1,游园·粉,连衣裙,402
10-支1,游园·黑,连衣裙,403
10-支1,游园·紫,连衣裙,404
10-支2,少女心事·蓝,连衣裙,374
10-支2,少女心事·雏菊,连衣裙,376
10-支2,森歌,外套,218
10-支3,安娜小姐·珍稀,连衣裙,409
10-支3,靡颜佚貌,连衣裙,572
10-支3,靡颜佚貌·绿茵,连衣裙,574
10-支3,靡颜佚貌·蓝紫,连衣裙,575
10-支3,靡颜佚貌·华丽,连衣裙,573
10-支3,缤纷圣诞夜,连衣裙,603
11-1,初云裤·蓝,下装,331
11-1,初云衫·蓝,上衣,351
11-1,白雪喵星人,连衣裙,006
11-1,红围裙,下装,103
11-2,战魂,连衣裙,152
11-2,豪华浴袍,连衣裙,261
11-2,真丝睡衣·白,连衣裙,351
11-2,真丝睡衣·粉,连衣裙,352
11-2,真丝睡衣·蓝,连衣裙,353
11-2,真丝睡衣·黑,连衣裙,354
11-2,香甜梦境,上衣,379
11-2,星星百褶裙,下装,383
11-2,白衣天使,连衣裙,063
11-2,女神领域,连衣裙,098
11-2,绒絮船,下装,109
11-2,鬼姬冥花,连衣裙,130
11-2,鬼姬冥花·华丽,连衣裙,131
11-2,鬼姬冥花·珍稀,连衣裙,132
11-2,甜蜜夹心·灰,下装,137
11-2,普通浴巾,连衣裙,139
11-2,夏日假期·白,下装,140
11-2,居家短裤·黑,下装,213
11-2,半路烟,连衣裙,214
11-2,束腰蓝裙,下装,240
11-2,猫之语·白,上衣,258
11-2,普通浴衣,连衣裙,328
11-2,初云裤·蓝,下装,331
11-2,幻眠,下装,350
11-2,机械之心·下,下装,402
11-2,机械之心·上,上衣,437
11-4,圆中规,下装,384
11-4,方中矩,上衣,413
11-4,春山新雨,外套,260
11-4,相思意,连衣裙,270
11-4,画金屏,连衣裙,274
11-4,水墨抄·裙,下装,376
11-4,水墨抄·衣,上衣,409
11-4,枫叶温度·红,连衣裙,487
11-4,枫叶温度·蓝,连衣裙,488
11-5,西装外套,外套,137
11-5,繁华梦·华丽,外套,201
11-5,繁华梦·珍稀,外套,202
11-5,仙雾森林·珍稀,外套,223
11-5,豹纹开衫·冷,外套,169
11-5,绒领外套,外套,300
11-5,忆回肠,外套,301
11-5,雪绒披肩,外套,266
11-6,静谧夜色·下,下装,368
11-6,魔力,上衣,386
11-6,魔力·华丽,上衣,385
11-6,魔力·珍稀,上衣,384
11-6,滑板战衣,上衣,438
11-6,刺客信念,连衣裙,489
11-6,刺客信念·华丽,连衣裙,490
11-6,刺客信念·醇酒,连衣裙,491
11-7,钻影披风·华丽,外套,217
11-7,安娜小姐·珍稀,连衣裙,409
11-7,雅典娜铠甲·紫,连衣裙,030
11-7,高腰娃娃裙·粉,连衣裙,032
11-7,钻影披风,外套,239
11-7,蓝色百合·华丽,连衣裙,391
11-7,缤纷圣诞夜,连衣裙,603
11-7,戎衣女侠,连衣裙,604
11-8,钻影披风·华丽,外套,217
11-9,游园·黑,连衣裙,403
11-9,红围裙,下装,103
11-9,普通浴衣,连衣裙,328
11-9,游园·黄,连衣裙,401
11-9,游园·粉,连衣裙,402
11-9,游园·紫,连衣裙,404
11-支1,流霞缎,外套,213
11-支1,流霞缎·紫,外套,214
11-支1,曲意怜心,连衣裙,725
11-支1,明珠缘女,连衣裙,727
11-支1,缘灯寄吾思,连衣裙,728
11-支1,明珠缘女·粉,连衣裙,739
11-支1,茶花纱缎,外套,226
11-支1,茶花纱缎·华丽,外套,227
11-支1,戏水裳,连衣裙,264
11-支1,怪盗绅士·下装,下装,344
11-支1,光明精灵,连衣裙,415
11-支1,美好心思,上衣,455
11-支1,许你独特回忆,连衣裙,731
6-1,美好心思,上衣,455
11-支2,条纹绅士·外套,外套,215
12-4,圆中规,下装,380
12-4,糖果娃娃·华丽,连衣裙,480
12-4,糖果娃娃·珍稀,连衣裙,481
12-4,白绸裤,下装,389
12-4,水墨抄·衣,上衣,409
12-4,方中矩,上衣,413
12-4,糖果娃娃,连衣裙,479
12-4,采撷草莓,连衣裙,591
12-4,采撷草莓·华丽,连衣裙,592
12-4,采撷草莓·珍稀,连衣裙,593
12-4,采撷草莓·蓝提,连衣裙,594
12-4,采撷草莓·抹茶,连衣裙,595
12-7,游园·黄,连衣裙,401
12-7,游园·粉,连衣裙,402
12-7,游园·黑,连衣裙,403
12-7,游园·紫,连衣裙,404
12-9,金色阳光,连衣裙,704
12-支1,曲意怜心,连衣裙,725
12-支1,水芝之约,连衣裙,649
12-支2,真丝睡衣·白,连衣裙,351
12-支2,真丝睡衣·粉,连衣裙,352
12-支2,真丝睡衣·蓝,连衣裙,353
12-支2,真丝睡衣·黑,连衣裙,354
12-支3,游园·黄,连衣裙,401
12-支3,游园·粉,连衣裙,402
12-支3,游园·黑,连衣裙,403
12-支3,游园·紫,连衣裙,404
13-4,条纹绅士·外套,外套,215
13-6,夕夜迢迢,连衣裙,430
13-7,机械之心·下,下装,402
13-7,机械之心·上,上衣,437
13-8,安娜小姐·珍稀,连衣裙,415
13-8,靡颜佚貌,连衣裙,572
13-8,靡颜佚貌·华丽,连衣裙,573
13-8,靡颜佚貌·绿茵,连衣裙,574
13-8,靡颜佚貌·蓝紫,连衣裙,575
13-8,缤纷圣诞夜,连衣裙,603
13-8,创世之凤舞,连衣裙,639
13-8,玄灵之凤舞,连衣裙,645
13-支1,樱桃色拉,连衣裙,94
13-支1,雪花的秘密,连衣裙,149
13-支1,好意,连衣裙,158
13-支1,时空穿越,下装,338
13-支1,水手少女·白,连衣裙,372
13-支1,游园·黄,连衣裙,401
13-支1,游园·粉,连衣裙,402
13-支1,游园·黑,连衣裙,403
13-支1,游园·紫,连衣裙,404
13-支1,恋爱法则·裙子,连衣裙,605
13-支1,恋爱宝典·裙子,连衣裙,644
13-支1,白雪喵星人,连衣裙,006
13-支1,白雪喵星人,连衣裙,006
13-支1,童话星辰,连衣裙,009
13-支1,仲夏星辰,连衣裙,011
13-支3,超级特工·衣,上衣,243
13-支3,刺客信念,连衣裙,489
13-支3,刺客信念·华丽,连衣裙,490
13-支3,刺客信念·醇酒,连衣裙,491
13-支3,幽冥死神,连衣裙,492
g3-1,火炮兰,连衣裙,405
g3-1,香甜梦境,上衣,379
g3-1,幻眠,下装,350
g3-1,抹胸小马甲,上衣,383
g3-1,星星百褶裙,下装,383
g3-1,赤云玄铁绔,下装,395
g3-3,漆黑隧道,袜子-袜套,310
g3-5,小名媛,外套,230
g3-5,小名媛·华丽,外套,231
g3-5,小名媛·珍稀,外套,232
g3-5,玫瑰盛宴,连衣裙,628
g3-5,海上鹤,连衣裙,382
g3-5,玉壶园,连衣裙,387
g3-5,黄金城,连衣裙,383
g3-5,夕夜迢迢,连衣裙,430
g3-5,祥云千花,连衣裙,629
g3-5,祥云千花·靛,连衣裙,630
g3-5,绿烟林微,连衣裙,061
g3-5,姹紫嫣红·珍稀,连衣裙,061
g3-5,墨兰卷,连衣裙,392
g3-5,镜中花,连衣裙,355
g3-5,上海烟云梦,连衣裙,075
g3-5,牡丹吟·华丽,连衣裙,308
g3-5,岚谧轻粉,连衣裙,321
g3-5,贺礼,连衣裙,598
g3-5,水母公主,连衣裙,125
g3-6,茶花纱缎,外套,226
g3-6,茶花纱缎·华丽,外套,227
g3-6,流霞缎,外套,213
g3-6,流霞缎·紫,外套,214
g3-6,条纹绅士·外套,外套,215
g3-6,怪盗上衣·华丽,上衣,356
g3-6,高腰短裤,下装,008
g4-2,煌曲,外套,140
g4-2,繁华梦,外套,200
g4-2,繁华梦·华丽,外套,201
g4-2,繁华梦·珍稀,外套,202
g4-2,蜜圆,连衣裙,624
g4-2,灵猴献瑞,连衣裙,619
g4-2,金猴送福,上衣,421
g4-2,祥云舞·赤,连衣裙,393
g4-2,祥云舞·蓝,连衣裙,394
g4-2,水墨抄·衣,上衣,409
g4-2,水墨抄·裙,下装,376
g4-2,采茶曲·上衣,上衣,350
g4-2,采茶曲·裙,下装,330
g4-2,蓝瓷·上衣,上衣,349
g4-2,蓝瓷·裙,下装,329
g4-3,游园·黄,连衣裙,401
g4-3,游园·粉,连衣裙,402
g4-3,游园·紫,连衣裙,404
g4-3,森歌,外套,218
g4-4,暖秋·黄,连衣裙,155
g4-4,暖秋·棕,连衣裙,156
g4-4,森女羊,连衣裙,435
g4-4,森女羊·华丽,连衣裙,436
g4-4,围裙小姐,连衣裙,143
g4-4,罪爱之花·红,连衣裙,509
g4-4,罪爱之花·白,连衣裙,507
g4-4,罪爱之花·蓝,连衣裙,508
g4-4,丝绸衬衫,上衣,354
g4-4,红晕,上衣,253
g4-4,冬雪,上衣,373
g5-2,学士服,连衣裙,520
g5-2,高音谱号,连衣裙,698
g5-2,巧克力物语,连衣裙,578
g5-2,巧克力物语·棕,连衣裙,579
g5-3,茶花纱缎,外套,226
g5-3,维纳斯之舞,连衣裙,259
g5-3,轻羽裙·灰,连衣裙,503
g5-4,超级特工·裤,下装,247
g5-4,性感不良·热裤,下装,093
g5-4,月之咒语·下,下装,409
g5-4,心之咒语·下,下装,410
g5-5,采撷草莓,连衣裙,591
g5-5,采撷草莓·华丽,连衣裙,592
g5-5,采撷草莓·珍稀,连衣裙,593
g5-5,采撷草莓·蓝提,连衣裙,594
g5-5,采撷草莓·抹茶,连衣裙,595
g5-5,森女羊,连衣裙,435
g5-5,森女羊·华丽,连衣裙,436
g5-5,森女羊·珍稀,连衣裙,400
g5-6,爱心靴裤·白,下装,028
g5-6,爱心靴裤·蓝,下装,026
g5-6,爱心靴裤·紫,下装,027
g5-6,熟韵女郎,上装,004
g5-7,梦幻礼服衣,上衣,408
g5-7,梦幻礼服裙,下装,375
