全衣柜编号,名称,分类编号,心级,,华丽,简约,优雅,活泼,成熟,可爱,性感,清纯,清凉,保暖,标签,标签,获取途径,套装,版本号
10001,默认粉毛,001,2,,,S,,A,,A,,A,,A,,,赠,,V1.3.2
10004,运动少年,004,3,,,S,,A,,A,,S,A,,中性风,,店·金币/浪·迷/浪·幻,,V1.3.2
10005,不羁,005,3,,,S,,A,,A,,A,S,,中性风,,设·定004,,V1.3.2
10006,全民偶像,006,3,,,A,,S,,S,,B,S,,中性风,,设·定004,,V1.3.2
10007,眷雅公子,007,2,,,B,,A,,S,,B,S,,中性风,,浪·迷/3-12少,,V1.3.2
10008,邻家哥哥,008,2,,,S,,S,A,,,C,A,,中性风,,设·定007,,V1.3.2
10009,雪狼,009,2,,A,,A,,C,,S,,A,,中性风,,设·定007,,V1.3.2
10010,完美学长,010,2,,,S,,B,,A,,A,A,,中性风,,店·金币/浪·迷/5-5少,,V1.3.2
10011,神秘来客,011,2,,,S,A,,A,,,A,A,,中性风,,设·定010,,V1.3.2
10012,奇幻使者,012,2,,,S,,S,,A,,C,S,,中性风,,设·定010,,V1.3.2
10013,科学家,013,2,,,S,B,,,A,,C,S,,中性风,,店·金币/浪·迷/3-11少,,V1.3.2
10014,咖啡店主,014,2,,,S,S,,,A,,C,A,,中性风,,设·定013,,V1.3.2
10016,银翼侠,016,3,,A,,,S,S,,A,,S,,中性风,,店·金币/浪·迷/浪·幻,,V1.3.2
10017,浅慵,017,3,,,A,B,,,S,,S,A,,,,设·图/浪·迷,,V1.3.2
10018,金灿,018,3,,A,,,A,,S,A,,A,,,,设·定017,,V1.3.2
10019,酒红,019,3,,S,,C,,,S,A,,S,,,,设·定017,虎皮喵星人,V1.3.2
10020,粉白卷发,020,5,,SS,,,S,,A,B,,,SS,,,浪·迷,,V1.3.2
10021,金米卷发,021,5,,S,,S,,,A,,A,,S,,,设·定020,,V1.3.2
10022,黑蓝卷发,022,5,,S,,S,,S,,S,,,S,,,设·定020,仲夏星辰,V1.3.2
10023,小熊·棕,023,3,,,A,,S,,A,,S,A,,,,浪·迷,,V1.3.2
10024,小熊·粉,024,3,,,A,,S,,A,,S,,A,,,设·定023,,V1.3.2
10025,小熊·黑,025,3,,,A,A,,A,,,S,,A,,,设·定023,棉花糖泰迪,V1.3.2
10026,翘筝·蓝,026,5,,A,,SS,,SS,,S,,S,,,,设·图,,V1.3.2
10027,翘筝·灰,027,5,,S,,SS,,A,,,B,S,,,,设·定026,,V1.3.2
10028,翘筝·白,028,5,,SS,,S,,S,,A,,S,,,,设·定026,,V1.3.2
10029,翘筝·金,029,5,,S,,A,,,A,,S,S,,,,设·定026,神域筝灵,V1.3.2
10030,拜占庭之歌·红,030,3,,S,,A,,A,,A,,,A,,,浪·迷/浪·幻,,V1.3.2
10031,拜占庭之歌·黄,031,4,,S,,S,,S,,,S,,A,,,设·定030,,V1.3.2
10032,冰雪战士,032,2,,,S,B,,,B,A,,A,,中性风,,浪·迷/2-3少,,V1.3.2
10033,萌系正太,033,2,,,S,,A,,A,,A,A,,中性风,,设·定032,,V1.3.2
10034,秋枫,034,2,,,S,C,,,A,,A,A,,中性风,,设·定032,,V1.3.2
10035,蔷薇少女·金,035,4,,B,,B,,,S,,SS,,S,,,赠·过关/赠·成就,蔷薇少女,V1.3.2
10036,蔷薇少女·粉,036,4,,B,,A,,,SS,S,,,S,,,设·定035,,V1.3.2
10037,蔷薇少女·银,037,4,,,A,S,,A,,,S,,A,,,设·定035,,V1.3.2
10038,蔷薇少女·墨,038,4,,,A,S,,,S,,S,,A,,,设·定035,,V1.3.2
10039,维多利亚,039,5,,S,,S,,,S,S,,S,,大小姐,,兑·仙履,蒸汽时代,V1.3.2
10040,雏莺·苍绿,040,5,,A,,SS,,,B,,SS,,S,,,浪·幻,公爵的千金,V1.3.2
10041,雏莺·红,041,5,,A,,SS,,,B,S,,,S,,,设·定040,,V1.3.2
10042,贵妇人,042,4,,,A,S,,S,,S,,S,,欧式古典,,浪·幻,贵妇雍容,V1.3.2
10043,精灵·金,043,5,,SS,,SS,,,B,,A,,B,,,设·图,百合花精,V1.3.2
10044,精灵·白,044,5,,S,,SS,,S,,S,,,B,,,设·定043,,V1.3.2
10046,俏马尾,046,3,,,S,A,,,A,,B,S,,,,设·图,,V1.3.2
10048,魏紫,048,3,,,A,,S,S,,A,,C,,,,设·定046,,V1.3.2
10049,赵粉,049,3,,,A,,A,,S,A,,,A,,,设·定046,,V1.3.2
10050,无忧,050,3,,,S,A,,,B,,A,A,,,,浪·迷/浪·幻/赠·签到,,V1.3.2
10051,无忧·妃,051,3,,,A,S,,,A,,S,,A,,,设·定050,,V1.3.2
10052,无忧·黑,052,3,,,S,B,,,B,,S,,S,,,设·定050,,V1.3.2
10053,向阳花,053,4,,C,,,SS,,SS,,S,B,,,,浪·迷/浪·幻/赠·成就,,V1.3.2
10054,米花蝶,054,4,,B,,,S,,A,,SS,B,,,,设·定053,,V1.3.2
10055,童心,055,4,,,S,A,,,B,,S,S,,,,设·定053,,V1.3.2
10056,青葱岁月,056,4,,,S,S,,,B,,A,,S,,,浪·迷/浪·幻,,V1.3.2
10057,云端舞娘,057,5,,SS,,A,,SS,,,A,,B,中式古典,舞者,店·钻石,,V1.3.2
10058,轻音尘,058,5,,S,,,S,,S,,S,,B,,,浪·幻,,V1.3.2
10059,琉光曲,059,5,,S,,,A,,SS,,S,,S,,,设·定058,琉光蔷薇,V1.3.2
10060,窈窕淑女·黑,060,4,,,S,SS,,,C,,S,,A,,,浪·迷/浪·幻,,V1.3.2
10061,冰境幽语,061,4,,B,,B,,,SS,,S,SS,,,,店·金币,,V1.3.2
10063,天使兔,063,5,,,B,,S,,S,,A,A,,,,赠·V礼包,草莓甜心,V1.3.2
10064,葫芦串,064,1,,,B,,A,,A,,B,A,,中式古典,,4-5少,,V1.3.2
10065,葫芦铃铛,065,2,,,A,,A,,A,,A,A,,中式古典,,设·进064,,V1.3.2
10066,葫芦铃铛串,066,3,,A,,,S,,A,,S,A,,中式古典,,设·进065,,V1.3.2
10067,音乐公主,067,3,,S,,,S,,S,,A,B,,,,2-8少,,V1.3.2
10068,荒原珠,068,3,,S,,S,,,S,A,,S,,波西米亚,,浪·迷/浪·幻/2-3公/1-8公/联盟·小铺,,V1.3.2
10069,荒原珠·华丽,069,4,,S,,SS,,,B,S,,,B,波西米亚,,设·进068,,V1.3.2
10070,荒原珠·珍稀,070,5,,SS,,SS,,,B,S,,,B,波西米亚,,设·进069,荒原的花,V1.3.2
10071,中学少女,071,2,,,A,,B,,C,,A,A,,,,3-12公,,V1.3.2
10072,中学少女·华丽,072,3,,,S,A,,A,,,S,C,,,,设·进071,,V1.3.2
10074,洋娃娃·金,074,4,,S,,,SS,,SS,,B,,A,,,店·钻石,兔女郎,V1.3.2
10076,可人,076,3,,A,,S,,,C,,S,,A,,,浪·迷/浪·幻/1-1公,,V1.3.2
10077,可人·华丽,077,4,,S,,S,,A,,S,,,S,,,设·进076,,V1.3.2
10078,狂野,078,2,,A,,,A,,A,A,,S,,摇滚风,,浪·迷/3-11公,,V1.3.2
10079,狂野·华丽,079,3,,A,,,S,A,,S,,A,,摇滚风,,设·进078,,V1.3.2
10080,恬静时光,080,2,,,A,S,,,A,,A,C,,和风,,4-11少,,V1.3.2
10081,恬静时光·华丽,081,3,,,A,S,,,B,,S,,S,和风,,设·进080/幻,,V1.3.2
10082,恬静时光·珍稀,082,4,,,B,S,,,B,,S,,S,和风,,设·进081,,V1.3.2
10083,鸽吟·棕,083,5,,S,,SS,,B,,,S,S,,大小姐,,设·定039,,V1.3.2
10084,鸽吟·蓝,084,5,,S,,A,,,S,,S,S,,大小姐,,设·定039,,V1.3.2
10091,花蕾,091,3,,,S,,S,,S,,S,C,,,,5-11少,,V1.3.2
10092,花蕾·华丽,092,4,,,S,,B,,SS,,S,B,,,,设·进091,,V1.3.2
10093,小狮子,093,3,,B,,,S,,S,,S,B,,,,店·金币,,V1.3.2
10094,麦穗,094,3,,,B,,B,,SS,,S,B,,,,6-7少,,V1.3.2
10095,麦穗·华丽,095,4,,,A,,B,,A,,SS,,S,,,设·进094,,V1.3.2
10097,红豆吻,097,2,,,A,,A,,A,,A,A,,,,4-支3少,,V1.3.2
10098,红豆之吻,098,3,,,S,,B,,A,,S,,S,,,设·进097,,V1.3.2
10099,橙允,099,3,,,S,,C,,S,,S,,S,,,店·金币,,V1.3.2
10100,鹿珍,100,3,,,S,,B,,B,,B,,S,,,5-9少/联盟·小铺,,V1.3.2
10102,俏丫头,102,1,,,A,,A,,A,,A,C,,,,赠·成就,,V1.3.2
10103,娃娃脸,103,1,,,A,,C,,S,,S,C,,,,店·金币,,V1.3.2
10104,丽人,104,2,,,A,S,,S,,A,,A,,医务使者,OL,店·金币/浪·迷,,V1.3.2
10105,杨柳,105,4,,,A,,A,,S,,S,S,,中式古典,,浪·迷/浪·幻/浪·缥缈/2-7公,,V1.3.2
10106,杨柳·华丽,106,5,,S,,SS,,,S,,S,B,,中式古典,,设·进105,绿烟拂柳,V1.3.2
10107,复古英伦,107,3,,B,,S,,SS,,A,,B,,英伦,,店·金币/浪·迷/浪·幻,,V1.3.2
10108,小护士,108,3,,,A,S,,A,,,A,A,,医务使者,OL,店·金币,白衣天使,V1.3.2
10109,音符·黑,109,3,,,S,,A,,A,,S,S,,OL,,设·图,梨院琳琅,V1.3.2
10110,黄金稻,110,3,,S,,S,,B,,,B,S,,,,设·图,,V1.3.2
10111,西部少女,111,3,,S,,B,,,B,S,,S,,,,浪·迷/浪·幻/3-9公,,V1.3.2
10112,西部少女·华丽,112,4,,S,,S,,A,,S,,,S,,,设·进111,牛仔风情,V1.3.2
10113,芝士蛋糕,113,3,,,A,A,,,S,,S,A,,,,浪·迷/浪·幻/2-支1公,,V1.3.2
10114,芝士蛋糕·华丽,114,4,,,S,S,,,A,,S,,A,,,设·进113/浪·迷/浪·幻,,V1.3.2
10115,芝士蛋糕·珍稀,115,5,,B,,,S,,SS,,A,,SS,,,设·进114,巧克力女仆,V1.3.2
10116,律政佳人,116,2,,,S,S,,C,,,C,S,,,,店·金币/浪·迷,,V1.3.2
10117,满城,117,3,,,A,S,,A,,,S,A,,,,浪·迷/浪·幻/1-4公,,V1.3.2
10118,满城·华丽,118,4,,S,,A,,,B,,SS,,S,,,设·进117/浪·迷/浪·幻,,V1.3.2
10119,满城·珍稀,119,5,,S,,SS,,,B,,S,,S,,,设·进118,上海烟云梦,V1.3.2
10120,梦乡,120,3,,,A,S,,,S,,A,,A,,,店·金币,熊猫梦乡,V1.3.2
10121,狂野·珍稀,121,4,,S,,,A,A,,S,,S,,摇滚风,,设·进079,性感不良,V1.3.2
10122,娇娆,122,5,,C,,S,,S,,A,,,A,,,赠·V礼包,舞会皇后,V1.3.2
10123,月缘,123,4,,S,,SS,,B,,S,,S,,,,设·图,美梦成真,V1.3.2
10124,小鹿,124,4,,S,,,A,,S,,S,C,,,,店·金币,森女与麋鹿,V1.3.2
10125,舞之星,125,6,,SS,,SS,,S,,A,,,S,,,设·图,星之海,V1.3.2
10126,哥特萝莉,126,4,,S,,,S,,A,S,,C,,哥特风,洛丽塔,设·图,哥特萝莉,V1.3.2
10127,蝴蝶·珍稀,127,5,,A,,S,,,A,,S,,SS,中式古典,,设·进141,蝴蝶兰翩翩·粉,V1.3.2
10128,紫蝶,128,5,,B,,SS,,SS,,,A,,S,中式古典,,设·定127,,V1.3.2
10129,水沐,129,3,,,A,,A,,S,,S,A,,童话系,,浪·迷/浪·幻/2-1公/联盟·小铺,,V1.3.2
10130,水沐·华丽,130,5,,A,,S,,S,,,S,,S,童话系,,设·进129,水母公主,V1.3.2
10131,小龙女,131,5,,B,,S,,S,,,SS,,B,中式古典,,设·图,小龙女,V1.3.2
10132,汀兰,132,4,,B,,S,,S,,,SS,A,,,,浪·迷,岸芷汀兰,V1.3.2
10133,千枫,133,3,,,A,,S,,S,C,,S,,,,浪·迷/浪·幻/3-3公/7-8公,,V1.3.2
10134,千枫·华丽,134,4,,,A,,S,,S,B,,S,,,,设·进133/浪·迷/浪·幻,,V1.3.2
10135,千枫·珍稀,135,5,,S,,S,,,S,B,,,S,,,设·进134,枫千叶女忍,V1.3.2
10136,鬼姬,136,3,,,A,,B,,A,,S,S,,和风,,浪·迷/浪·幻/4-11公/3-2公,,V1.3.2
10137,鬼姬·华丽,137,4,,C,,,A,,A,,SS,S,,和风,,设·进136/浪·迷/浪·幻,,V1.3.2
10138,鬼姬·珍稀,138,5,,SS,,SS,,B,,,SS,,B,和风,,设·进137,鬼姬彼岸花,V1.3.2
10139,纤媚狐,139,5,,SS,,SS,,B,,,A,A,,,,赠·充值,罂粟千狐,V1.6.3
10140,蝴蝶,140,3,,,A,B,,,A,,S,S,,中式古典,,浪·迷/浪·幻/浪·缥缈/2-5公,,V1.3.2
10141,蝴蝶·华丽,141,4,,C,,S,,,S,,S,A,,中式古典,,设·进140/浪·迷/浪·幻,,V1.3.2
10142,雀吟,142,5,,S,,S,,S,,S,,S,,中式古典,,浪·迷/浪·幻,孔雀东南飞,V1.3.2
10143,罗密欧,143,4,,,S,,S,,S,,A,S,,中性风,,店·金币,罗密欧,V1.3.2
10144,人间四月天,144,3,,,S,A,,,A,,A,A,,,,设·图,人间四月天,V1.3.2
10145,宫秀,145,5,,S,,S,,S,,,S,A,,中式古典,,兑·仙履,清宫丽影,V1.3.2
10146,淑兰,146,4,,,A,S,,S,,,B,S,,,,设·图,幽兰赋,V1.3.2
10147,韶颜,147,3,,,A,,C,,S,,S,,S,,,设·图,,V1.3.2
10148,小红帽,148,3,,,A,,S,,A,,A,A,,,,浪·迷/浪·幻/1-9公,,V1.3.2
10149,小红帽·华丽,149,4,,,A,,S,,S,,A,S,,,,设·进148/浪·迷/浪·幻,,V1.3.2
10150,小红帽·珍稀,150,4,,,A,,A,,S,,S,,S,,,设·进149,小红帽奇遇记,V1.3.2
10152,寻梦,152,3,,S,,S,,,B,S,,B,,,,店·金币,,V1.3.2
10153,匆匆,153,2,,,S,,A,,A,,B,A,,,,赠·成就,,V1.3.2
10154,西域舞娘,154,4,,S,,S,,S,,,C,S,,舞者,,设·图,西域舞娘,V1.3.2
10155,甜甜,155,3,,,C,,SS,,S,,C,S,,,,店·钻石,甜甜糕点师,V1.3.2
10156,甜甜·银,156,3,,,C,,S,,A,,S,A,,,,设·定155,,V1.3.2
10159,活力宝贝,159,3,,,A,,A,,S,,S,A,,,,店·钻石/浪·迷/浪·幻,,V1.3.2
10160,温雅侍者,160,3,,,C,SS,,A,,A,,A,,中性风,,设·图,,V1.3.2
10161,斯文侍者,161,3,,,A,S,,A,,A,,A,,中性风,,设·定160,,V1.3.2
10163,乖顺侍者,163,3,,,A,S,,A,,,S,A,,中性风,,设·定160,,V1.3.2
10164,夜华章,164,5,,A,,,A,,A,,A,,A,大小姐,,赠,璀璨星河,V1.3.2
10165,鲜柚,165,3,,S,,,B,,S,,A,S,,,,设·图,美食外卖员,V1.3.2
10166,仁德,166,3,,,A,S,,A,,A,,S,,OL,,店·金币,神圣医者,V1.3.2
10167,爱丽丝,167,4,,,S,,A,,S,,S,,S,,,兑·仙履,爱丽丝仙境,V1.3.2
10168,小水手,168,4,,,S,,A,,S,,S,S,,,,浪·迷,海豹小水手,V1.3.2
10169,小钾花头发,169,4,,,A,,A,,S,,S,S,,,,店·钻石/浪·迷/浪·幻,,V1.3.2
10170,甜美少女,170,4,,,S,S,,S,,A,,,S,,,赠·成就,甜美花季,V1.3.2
10171,果酱,171,3,,,A,,S,,A,,A,A,,,,赠·成就,蛋糕庄园,V1.3.2
10172,漩涡,172,4,,S,,,S,,S,,A,S,,,,兑·花园,暖系机械,V1.3.6
10173,小泡芙,173,2,,S,,,A,,A,,C,S,,,,兑·花园,泡芙小姐,V1.3.6
10174,夜卜,174,5,,,B,S,,,S,,SS,,S,,,浪·迷/浪·幻,星夜占卜师,V1.3.2
10178,少儿主持人,178,3,,,A,,A,,S,,A,S,,,,浪·迷/浪·幻,,V1.3.2
10179,摇滚女声·红,179,3,,A,,,S,A,,S,,B,,摇滚风,,店·金币/幻,摇滚歌手,V1.3.2
10180,摇滚女声·紫,180,3,,A,,A,,A,,S,,S,,摇滚风,,设·定179,,V1.3.2
10181,暮歌·棕,181,3,,,A,A,,A,,,A,,A,,,店·金币,,V1.3.2
10183,暮歌·金,183,3,,,S,S,,,B,,B,,B,,,设·定181,,V1.3.2
10184,暮歌·紫,184,3,,,S,S,,,B,,S,,A,,,设·定181,,V1.3.2
10185,呆毛少女·黑,185,4,,,B,,A,A,,,SS,SS,,,,店·钻石,,V1.3.2
10186,呆毛少女·金,186,4,,,A,,A,A,,,A,SS,,,,设·定185,,V1.3.2
10187,个性少女,187,2,,,A,B,,,A,,A,A,,,,店·金币/浪·迷,,V1.3.2
10188,川流,188,2,,,A,A,,,A,,A,A,,,,设·定187,,V1.3.2
10189,船岛,189,3,,S,,,S,,S,,C,A,,,,店·钻石/幻,,V1.3.2
10190,小满的短发,190,2,,,S,,C,,A,,A,A,,,,赠·成就,,V1.3.2
10192,转校生·棕,192,2,,,A,,A,,A,,A,A,,,,店·金币/浪·迷/10-7少/3-8少,,V1.3.2
10193,转校生·金,193,2,,,C,,S,,A,,A,A,,,,设·定192,,V1.3.2
10194,小诗,194,3,,,A,,A,,A,,S,A,,,,设·图,,V1.3.2
10195,蝶恋花,195,5,,S,,SS,,A,,,S,,S,,,赠·成就,蝴蝶夫人,V1.3.2
10196,帽子控,196,3,,,S,,A,,B,,S,B,,,,浪·幻,,V1.3.2
10199,银色光辉,199,4,,,SS,A,,,B,,A,S,,,,浪·迷/浪·幻,,V1.3.2
10200,知心姐姐,200,3,,,S,A,,A,,A,,A,,,,设·图,,V1.3.2
10201,茶曲,201,3,,,S,A,,,B,,S,,S,,,浪·幻,梦幻下午茶,V1.3.2
10202,夜影,202,4,,A,,S,,,S,,B,,S,和风,哥特风,浪·幻,暗夜萝莉,V1.3.2
10203,莉莉斯新娘,203,3,,S,,,A,,A,,A,,S,,,设·图,花嫁童话,V1.4.5
10204,斯文助理,204,3,,,S,A,,C,,S,,S,,,,1-6少,首席特助,V1.3.2
10205,洛可,205,4,,,S,,S,,S,,A,S,,,,兑·仙履,洛可的茶会,V1.3.2
10206,最美特工,206,4,,A,,A,,A,,S,,S,,摇滚风,,店·钻石,最美特工,V1.3.2
10207,云墨,207,4,,,S,,A,,S,,S,S,,中式现代,,设·图,,V1.3.2
10208,绮霞,208,4,,,S,,S,,S,,A,S,,中式现代,,设·定207,霞赤图,V1.3.2
10209,诗梦,209,4,,,S,,S,,S,,A,S,,中式现代,,设·定207,,V1.3.2
10210,花田少女,210,5,,,B,C,,,B,,A,,B,,,赠·好友,花田香气,V1.3.2
10214,倾慕,214,5,,A,,S,,,A,,B,,A,,,赠·首充,慕冬天使,V1.3.2
10215,暖心,215,5,,A,,B,,,A,,A,,A,,,浪·迷,冬恋奇迹,V1.3.2
10217,暖心·棕,217,4,,,B,B,,,S,,SS,,S,,,浪·幻,,V1.3.2
10219,灵幔,219,4,,A,,,SS,,B,,S,A,,,,店·金币,漫纱轻舞,V1.5.1
10220,灵幔·金,220,4,,,B,S,,,S,,S,,S,,,浪·幻,,V1.3.2
10226,锦心,226,5,,A,,,A,,A,,A,A,,,,赠·签到,红裳锦绣,V1.3.2
10227,武媚娘,227,5,,,S,S,,S,,,S,,S,,,赠·成就,,V1.3.2
10228,圣神皇帝,228,5,,S,,SS,,S,,,S,,S,,,赠·V礼包,一代女皇,V1.3.2
10232,信鸽少年,232,2,,,A,A,,A,,,A,A,,,,浪·迷,,V1.3.2
10233,苹果派,233,2,,,A,A,,S,,,C,,A,,,浪·迷,,V1.3.2
10234,中分的薇雅,234,3,,,A,S,,S,,,A,S,,,,兑·仙履,,V1.3.2
10235,盘发的伊莎,235,3,,,B,S,,A,,S,,S,,,,兑·仙履,,V1.3.2
10236,塞壬海妖,236,3,,,C,S,,A,,S,,,S,,,兑·仙履,,V1.3.2
10238,琪琪云,238,4,,,B,B,,S,,S,,S,,,,赠·成就,,V1.3.2
10239,提线娃娃·黑,239,4,,S,,B,,S,,S,,,S,,,店·金币,,V1.3.2
10240,亚麻少女,240,3,,S,,S,,,S,,S,B,,,,浪·幻,,V1.3.2
10241,提线娃娃·棕,241,4,,S,,B,,S,,S,,,S,,,设·定239,,V1.3.2
10242,罗密欧·黑,242,4,,,S,S,,C,,,S,S,,中性风,,设·定143,,V1.3.2
10244,罗密欧·金,244,4,,,S,S,,B,,,S,S,,中性风,,设·定143,,V1.3.2
10246,寻梦·白,246,3,,S,,,B,,S,,S,B,,,,设·定152,,V1.3.2
10247,匆匆·棕,247,2,,,S,,C,,A,,A,A,,,,设·定153,,V1.3.2
10248,匆匆·金,248,2,,,A,,A,,A,,A,A,,,,设·定153,,V1.3.2
10249,葫芦串·黑,249,1,,,B,,A,,B,,A,A,,中式古典,,设·定064,,V1.3.2
10254,葫芦铃铛·黑,254,2,,,A,,A,,A,,A,A,,中式古典,,设·定065,,V1.3.2
10255,葫芦铃铛串·粉,255,3,,A,,,A,,A,,A,S,,中式古典,,设·定066,,V1.3.2
10256,葫芦铃铛串·黑,256,3,,A,,,A,,A,,A,A,,中式古典,,设·定066,,V1.3.2
10258,荒原珠·紫,258,3,,,B,S,,,S,,S,C,,波西米亚,,设·定068,,V1.3.2
10260,荒原珠·棕,260,4,,,B,S,,SS,,,B,,S,波西米亚,,设·定069,,V1.3.2
10261,荒原珠·银,261,5,,SS,,S,,B,,,S,,S,波西米亚,,设·定070,,V1.3.2
10262,荒原珠·金,262,5,,,A,SS,,A,,,A,,SS,波西米亚,,设·定070,,V1.3.2
10272,云端舞娘·黑,272,5,,SS,,B,,SS,,SS,,,B,中式古典,舞者,设·定057,,V1.3.2
10273,云端舞娘·粉,273,5,,S,,S,,S,,S,,,S,中式古典,舞者,设·定057,,V1.3.2
10274,云端舞娘·金,274,5,,S,,B,,S,,S,,,S,中式古典,舞者,设·定057,,V1.3.2
10275,蘑菇头,275,2,,,A,,A,,S,,A,C,,,,店·金币,,V1.3.2
10281,可人·棕,281,3,,A,,S,,,A,,S,,A,,,设·定076,,V1.3.2
10285,可人·银,285,4,,S,,S,,,B,,S,,S,,,设·定077/赠·签到,,V1.3.2
10286,轻音尘·紫,286,5,,SS,,,B,,SS,,S,,S,,,设·定058,,V1.3.2
10287,轻音尘·棕,287,5,,S,,,S,,S,,S,,S,,,设·定058,,V1.3.2
10292,冰境幽语·棕,292,4,,,S,A,,,S,,S,S,,,,设·定061,,V1.3.2
10293,小狮子·棕,293,3,,B,,,S,,S,,S,C,,,,设·定093,,V1.3.2
10294,小狮子·浅棕,294,3,,B,,,S,,S,,S,B,,,,设·定093,,V1.3.2
10295,小狮子·金,295,3,,B,,,S,,S,,S,S,,,,设·定093,,V1.3.2
10303,小护士·棕,303,2,,,A,A,,A,,A,,A,,医务使者,OL,设·定108,,V1.3.2
10304,小护士·浅棕,304,2,,,A,A,,A,,A,,A,,医务使者,OL,设·定108,,V1.3.2
10305,小护士·白,305,2,,,C,A,,S,,A,,A,,医务使者,OL,设·定108,,V1.3.2
10315,律政佳人·金,315,2,,,A,A,,A,,,A,A,,,,设·定116,,V1.3.2
10316,律政佳人·白金,316,2,,,A,A,,A,,,A,A,,,,设·定116,,V1.3.2
10324,成熟姐姐·棕,324,5,,,B,S,,S,,S,,,S,,,设·定122,,V1.3.2
10325,成熟姐姐·金,325,5,,,B,SS,,SS,,S,,,B,,,设·定122,,V1.3.2
10335,蓝色风暴,335,3,,S,,,A,A,,A,,A,,摇滚风,,设·定079,,V1.3.2
10336,黑色风暴,336,3,,A,,,A,A,,A,,S,,摇滚风,,设·定079,,V1.3.2
10337,炫彩风暴,337,3,,S,,,A,S,,S,,A,,摇滚风,,设·定079,,V1.3.2
10338,黑色风暴·华丽,338,4,,S,,,S,S,,S,,,S,摇滚风,,设·定121,,V1.3.2
10340,紫色风暴,340,4,,A,,,S,S,,S,,,S,摇滚风,,设·定121,,V1.3.2
10341,狂野·银,341,2,,A,,,A,A,,A,,A,,摇滚风,,设·定078,,V1.3.2
10342,狂野·黑,342,2,,A,,,A,C,,A,,A,,摇滚风,,设·定078,,V1.3.2
10344,恬静时光·金,344,2,,,A,A,,,A,,A,A,,和风,,设·定080,,V1.3.2
10350,恬静时光·粉,350,4,,,B,S,,S,,,S,,S,和风,,设·定082,,V1.3.2
10353,树莓冰,353,3,,,S,C,,,A,,A,S,,,,店·金币,,V1.3.2
10354,树莓冰·棕,354,3,,,S,C,,,A,,S,S,,,,设·定353,,V1.3.2
10357,双马尾长发,357,3,,,S,,C,,S,,S,B,,,,店·金币,,V1.3.2
10359,动力少女,359,3,,,S,,A,,A,,A,A,,,,5-10少,,V1.3.2
10363,双马尾少女,363,2,,,A,,A,,A,,A,A,,,,浪·迷,,V1.3.2
10365,未来少女·金,365,2,,A,,,C,,A,,S,A,,,,店·金币,,V1.3.2
10367,未来少女·青,367,2,,A,,,C,,S,,A,S,,,,设·定365,,V1.3.2
10369,花蕾·金,369,3,,S,,,B,,S,,S,B,,,,设·定091,,V1.3.2
10370,花蕾·亚麻,370,3,,S,,,B,,S,,S,B,,,,设·定091,,V1.3.2
10371,花蕾·棕,371,4,,S,,S,,,S,,S,B,,,,设·定092,,V1.3.2
10380,麦穗·太阳,380,3,,S,,S,,,B,,S,,B,,,店·钻石,,V1.3.2
10381,麦穗·歌谣,381,3,,A,,A,,,S,,A,,A,,,设·定380,,V1.3.2
10382,麦穗·田园,382,3,,A,,S,,A,,,A,,S,,,设·定380,,V1.3.2
10385,红豆吻·黑,385,2,,,A,,A,,A,,A,A,,,,设·定097,,V1.3.2
10386,红豆之吻·蓝,386,3,,,B,,S,,S,,S,B,,,,设·定098,,V1.3.2
10388,红豆之吻·黑,388,3,,,B,B,,,S,,S,B,,,,设·定098,,V1.3.2
10389,橙允·紫,389,3,,,A,S,,,A,,S,C,,,,设·定099,,V1.3.2
10390,橙允·金,390,3,,,S,A,,,S,,S,C,,,,设·定099,,V1.3.2
10391,橙允·粉,391,3,,,S,S,,,S,,S,C,,,,设·定099,,V1.3.2
10396,音乐公主·金棕,396,3,,S,,,A,,B,,S,,S,,,设·定067,,V1.3.2
10402,天使兔·紫,402,5,,,S,,S,,S,,S,S,,,,设·定063,,V1.3.2
10418,娃娃脸·棕,418,1,,,A,,A,,C,,A,A,,,,设·定103,,V1.3.2
10419,娃娃脸·紫,419,1,,,S,C,,,C,,A,A,,,,设·定103,,V1.3.2
10420,琴歌,420,3,,,S,B,,S,,,B,,S,,,浪·幻,,V1.3.2
10421,砂砾·粉,421,2,,,C,,A,,A,,S,A,,,,店·金币,,V1.3.2
10422,砂砾·棕,422,2,,,A,,C,,A,,A,A,,,,设·定421,,V1.3.2
10423,砂砾·金,423,2,,,S,,C,,B,,S,S,,,,设·定421,,V1.3.2
10424,砂砾·黑,424,2,,,S,,B,,B,,S,S,,,,设·定421,,V1.3.2
10426,普通短发,426,2,,,S,,B,,C,,S,S,,,,5-3少,,V1.3.2
10428,情丝,428,2,,,A,A,,C,,,A,,A,,,店·金币,,V1.3.2
10435,神仙姐姐,435,3,,B,,S,,S,,S,,,B,中式古典,,店·金币,,V1.3.2
10437,白府夫人,437,4,,,B,SS,,S,,B,,S,,和风,,店·钻石,,V1.3.2
10438,绢纺主母,438,4,,,B,S,,S,,S,,S,,中式古典,,店·钻石,,V1.3.2
10439,落铃,439,2,,,A,,C,,S,,S,B,,,,2-5少/10-1少,,V1.3.2
10442,森林精灵,442,3,,,SS,,B,,B,,S,B,,,,浪·幻,,V1.3.2
10443,雅静,443,3,,,S,S,,,B,,S,B,,,,6-1少,,V1.3.2
10448,猫娘,448,4,,B,,,B,,S,,SS,,S,,,赠·V礼包,,V1.3.2
10451,名媛淑女,451,3,,,S,,B,,B,,B,SS,,,,店·金币,,V1.3.2
10452,丸子头,452,3,,,S,,B,,S,,S,S,,,,店·金币,,V1.3.2
10454,初恋,454,4,,,SS,SS,,,B,,B,S,,中式古典,,店·金币/浪·缥缈,,V1.3.2
10456,回忆,456,3,,B,,SS,,B,,,S,B,,,,店·金币,,V1.3.2
10460,心动,460,2,,,A,A,,A,,,A,A,,,,浪·迷,,V1.3.2
10461,学姐长发,461,2,,,A,S,,A,,B,,,B,,,浪·迷,,V1.3.2
10462,短发御姐,462,2,,,S,A,,,C,,A,A,,,,店·金币,,V1.3.2
10465,姐姐长发,465,2,,,A,A,,A,,S,,,C,,,店·金币,,V1.3.2
10470,姐姐长发·金,470,2,,,A,A,,S,,C,,,C,,,浪·迷,,V1.3.2
10471,信鸽女神,471,3,,B,,S,,S,,S,,,B,,,赠·V礼包,,V1.3.2
10474,邻家姐姐,474,2,,,S,S,,S,,C,,,B,,,浪·迷,,V1.3.2
10476,长发娃娃,476,3,,,S,S,,B,,,S,,S,,,6-8少,,V1.3.2
10489,小企,489,5,,,A,,S,,S,,S,,B,,,店·金币,暖心企鹅,V1.3.2
10490,云霭,490,5,,A,,S,,S,,S,,,B,,,店·金币,暮霭苍琅,V1.3.2
10491,冰原圣花,491,5,,S,,A,,A,,B,,,C,,,赠·成就,冰晶玫瑰,V1.3.2
10492,绮乐,492,5,,A,,,SS,,A,,S,,B,,,店·金币,绮丽乐园,V1.3.3
10493,纯真的梦,493,5,,,A,,A,,S,,S,A,,,,店·金币,童趣美梦,V1.3.3
10494,自由舞者,494,6,,,S,SS,,S,,,S,S,,,,设·进495,黑天鹅,V1.3.5
10495,纯洁舞者,495,5,,,S,S,,S,,,S,A,,,,设·图,白天鹅,V1.3.5
10496,三好学生,496,3,,,S,A,,,A,,S,A,,,,店·金币,梦想起航,V1.3.4
10497,香粽少女,497,3,,,S,A,,,A,,A,,A,,,设·图,香罗端午,V1.3.5
10498,灯芯·棕,498,3,,,B,B,,,S,,S,B,,,,7-7少/9-7少,,V1.3.2
10499,灯芯·黑,499,3,,,A,B,,,S,,S,B,,,,设·定498,,V1.3.2
10500,灯芯·幻,500,3,,S,,A,,,B,,S,B,,,,设·定498,,V1.3.2
10501,玲珑清心,501,3,,,B,A,,A,,,S,S,,中式现代,,设·图,玲珑清心,V1.3.6
10502,机智少女,502,3,,,A,,S,,S,,A,B,,民族风,,兑·花园,侦探少女,V1.3.6
10503,花昔颜,503,5,,,S,S,,S,,A,,A,,中式现代,,浪·缥缈/兑·翡翠,镜中花,V1.3.6
10504,少年游,504,2,,,B,,S,A,,,S,B,,中式古典,,设·图,,V1.3.2
10505,少年游·华丽,505,3,,,A,,S,B,,,S,B,,中式古典,,设·进504,侠客行,V1.3.2
10506,庄园娇花,506,3,,,A,A,,SS,,S,,B,,,,7-2公/5-7公,,V1.3.2
10507,庄园娇花·华丽,507,4,,,A,A,,SS,,SS,,A,,,,设·进506,,V1.3.2
10508,墨兰画卷,508,4,,A,,S,,SS,,,A,B,,中式现代,,设·图,墨兰卷,V1.3.2
10509,雁娘,509,3,,,A,S,,S,,,B,A,,中式古典,,浪·缥缈,,V1.3.6
10510,采茶姑娘,510,3,,,B,,A,,S,,S,A,,中式古典,,浪·缥缈,,V1.3.6
10511,北地女郎,511,3,,,B,,S,,A,,S,A,,军装,,设·图,北地英姿,V1.3.6
10512,月下美人,512,5,,SS,,SS,,B,,,A,A,,中式古典,,浪·缥缈/兑·翡翠,水中月,V1.3.6
10513,恋恋人鱼,513,5,,A,,SS,,SS,,,A,,B,,,赠·V礼包,钻石人鱼,V1.3.7
10514,黛瑶,514,6,,A,,SS,,SS,,,S,,A,,,设·图,韶颜倾城,V1.3.8
10515,黛瑶·墨,515,6,,S,,SS,,S,,SS,,,A,,,设·定514,,V1.3.8
10516,黛瑶·银,516,6,,SS,,A,,A,,,SS,,S,,,设·定514,,V1.3.8
10517,写意,517,4,,,A,SS,,S,,A,,B,,,,8-7少,水墨青花,V1.3.2
10518,鸳鸯奶茶,518,4,,,S,,SS,A,,,A,A,,中性风,,8-支2少,条纹绅士,V1.3.2
10519,塔罗女郎·珍稀,519,5,,S,,A,,SS,,SS,,,A,,,设·进551,塔罗牌师,V1.4.1
10520,怪盗蓝宝石,520,5,,,SS,SS,,,A,A,,S,,中性风,,设·进557,怪盗蓝宝石,V1.4.1
10521,羊角少女·华丽,521,5,,,A,,SS,,SS,,S,A,,,,设·进554,森女羊,V1.4.1
10522,爱莲,522,4,,,SS,A,,,A,,SS,,A,,,兑·仙履,荷花吟,V1.5.1
10523,邻班女生,523,4,,,SS,,A,,A,,S,A,,,,设·图,时空偶像,V1.3.8
10524,麻花辫少女·棕,524,4,,,A,,S,,SS,,A,A,,,,联盟·小铺,,V1.4.1
10525,麻花辫少女·粉,525,4,,,B,,A,,SS,,SS,A,,,,设·定524,,V1.4.1
10526,麻花辫少女·黑,526,4,,,S,,A,,A,,S,B,,,,设·定524,,V1.4.1
10527,黑白马尾,527,5,,SS,,A,,,A,SS,,A,,,,赠,,V1.6.1
10528,高贵鹿后,528,5,,,S,SS,,A,,,S,,S,,,设·图,精灵鹿后,V1.3.8
10529,小安娜,529,2,,,B,S,,,S,B,,B,,,,设·图,,V1.3.8
10530,小安娜·华丽,530,3,,,B,S,,,S,B,,B,,,,设·进529,,V1.3.8
10531,小安娜·珍稀,531,4,,A,,S,,,S,A,,A,,,,设·进530,安娜小姐,V1.3.8
10532,容颜,532,3,,,A,S,,B,,,S,,A,,,8-1公,,V1.3.8
10533,容颜·华丽,533,4,,,A,S,,A,,,SS,,A,,,设·进532,,V1.3.8
10534,容颜·珍稀,534,5,,,A,S,,A,,,SS,,A,,,设·进533,姹紫嫣红,V1.3.8
10535,玉蝉,535,4,,A,,S,,A,,,S,,A,,,设·图,,V1.3.8
10536,玉蝉·华丽,536,5,,S,,SS,,A,,,SS,,A,,,设·进535,山茶春色,V1.3.8
10537,精灵长发,537,3,,,A,S,,S,,,B,,B,,,设·图,,V1.3.8
10538,精灵长发·华丽,538,4,,,A,B,,SS,,,S,,A,,,设·进537,,V1.3.8
10539,精灵长发·珍稀,539,5,,,A,A,,SS,,,S,,S,,,设·进538,光明精灵,V1.3.8
10540,黑暗长发·珍稀,540,5,,,A,SS,,S,,SS,,,S,,,设·定539,,V1.3.8
10541,垂耳兔,541,4,,,SS,,A,,SS,,B,,A,,,8-5公,,V1.3.8
10542,垂耳兔·华丽,542,5,,,SS,,A,,SS,,S,,A,,,设·进541,绒绒垂耳兔,V1.3.8
10543,怡人,543,3,,,S,S,,A,,,B,B,,,,赠·签到,,V1.4.1
10544,桃花小妹,544,4,,A,,,B,,S,,SS,A,,中式古典,,设·图,桃花歌,V1.4.1
10545,夕夜,545,5,,A,,SS,,SS,,,S,,A,中式古典,,设·图,夕夜迢迢,V1.4.1
10546,小狐妖,546,4,,B,,,B,,A,,A,,B,,,设·图,狐妖小红娘,V1.4.4
10547,佩恩,547,3,,,B,S,,,A,,S,B,,,,设·重构,,V1.4.1
10548,佩恩·华丽,548,4,,,A,SS,,,B,,S,A,,,,设·进547,,V1.4.1
10549,佩恩·珍稀,549,5,,A,,S,,,S,,SS,S,,,,设·进548,夜系名媛,V1.4.1
10550,塔罗女郎,550,3,,B,,S,,S,,B,,A,,,,设·匣子,,V1.4.1
10551,塔罗女郎·华丽,551,4,,A,,S,,SS,,B,,A,,,,设·进550,,V1.4.1
10554,羊角少女,554,4,,,A,,B,,SS,,SS,B,,,,设·重构,,V1.4.1
10557,绅士蓝宝石,557,4,,,SS,,S,,S,A,,B,,,,联盟·小铺,,V1.4.1
10558,红酒杯,558,3,,,B,S,,S,,,A,A,,,,设·重构,,V1.4.1
10563,原野,563,4,,A,,SS,,,A,,S,A,,,,设·重构,,V1.4.1
10567,小发带·棕,567,3,,,B,B,,,S,,S,A,,,,9-8少,,V1.4.3
10568,小发带·金,568,3,,,B,S,,,S,,A,B,,,,设·定567,,V1.4.3
10569,小发带·黑,569,3,,,B,S,,,A,,S,B,,,,设·定567,,V1.4.3
10570,金发娃娃,570,2,,,S,,B,,S,,A,B,,,,9-6公,,V1.4.3
10571,金发娃娃·华丽,571,3,,,B,S,,,S,,B,A,,,,设·进570,,V1.4.3
10572,金发娃娃·珍稀,572,4,,A,,SS,,,A,,S,,A,,,设·进571,糖果娃娃,V1.4.3
10573,圣修女,573,2,,,S,S,,,A,,B,B,,,,9-3公,,V1.4.3
10574,圣修女·华丽,574,3,,,A,SS,,,B,,S,B,,,,设·进573,,V1.4.3
10575,圣修女·珍稀,575,4,,A,,S,,,B,,SS,A,,,,设·进574,祈祷之音,V1.4.3
10576,废墟少女,576,4,,B,,,S,,SS,,A,A,,未来系,,设·图,未来时空,V1.4.3
10577,废墟少女·玫,577,4,,A,,,SS,,B,,SS,A,,未来系,,设·定576,,V1.4.3
10578,恒温·棕,578,4,,B,,SS,,S,,,A,A,,,,设·图,枫叶温度,V1.4.3
10579,恒温·黑,579,4,,A,,SS,,A,,,S,A,,,,设·定578,,V1.4.3
10580,游鲤,580,4,,,A,SS,,,B,,S,B,,,,设·图,游鲤图,V1.4.3
10581,娜塔莎,581,3,,,A,,S,,S,A,,B,,,,设·图,,V1.4.3
10582,娜塔莎·华丽,582,4,,,B,,SS,,SS,B,,A,,,,设·进581,刺客信念,V1.4.3
10583,紫发娜塔莎,583,4,,,A,,SS,,B,S,,A,,,,设·定582,,V1.4.3
10584,苍墓,584,5,,,A,SS,,SS,,A,,,A,,,浪·昼夜/兑·时光,幽冥死神,V1.5.4
10585,苍墓·紫,585,5,,,SS,A,,A,,SS,,,A,,,设·定584,,V1.5.4
10586,苍墓·红,586,5,,,SS,S,,S,,B,,,S,,,设·定584,,V1.5.4
10587,苍墓·黑,587,5,,,SS,A,,SS,,A,,,A,,,设·定584,,V1.5.4
10588,守护神,588,5,,A,,SS,,A,,SS,,,A,,,浪·昼夜/兑·时光,圣灵天使,V1.5.4
10589,田园少女·棕,589,4,,,A,,SS,,S,,A,,B,,,浪·昼夜,田园珍珠,V1.5.4
10590,田园少女·粉,590,4,,,A,,B,,SS,,SS,,B,,,设·定589,,V1.5.4
10591,田园少女·金,591,4,,,A,,S,,S,,A,,A,,,设·定589,,V1.5.4
10592,秋日·金,592,3,,,A,,B,,S,,SS,,B,,,浪·昼夜,,V1.5.4
10593,秋日·紫,593,3,,,B,,A,,S,,S,,A,,,设·定592,,V1.5.4
10594,秋日·棕,594,3,,,B,,A,,S,,S,,A,,,设·定592,,V1.5.4
10595,活力夏日·银,595,4,,,A,,SS,,S,,B,A,,,,浪·昼夜,,V1.5.4
10596,活力夏日·黑,596,4,,,B,,SS,,S,,A,A,,,,设·定595,,V1.5.4
10597,活力夏日·栗,597,4,,,A,,S,,S,,A,A,,,,设·定595,,V1.5.4
10598,古典新娘·棕,598,3,,,A,S,,S,,B,,,A,,,浪·昼夜,,V1.5.4
10599,古典新娘·金,599,3,,,A,S,,S,,A,,,A,,,设·定598,,V1.5.4
10600,古典新娘·黑,600,3,,,A,S,,S,,B,,,B,,,设·定598,,V1.5.4
10601,淡络,601,5,,A,,S,,SS,,A,,,A,,,店·金币,淡络葡提,V1.5.2
10604,凌乱萌,604,5,,,SS,,S,,A,,S,A,,,,浪·昼夜,,V1.5.4
10605,凌乱萌·红,605,5,,,S,,A,,A,,SS,S,,,,设·定604,,V1.5.4
10606,凌乱萌·妃,606,5,,,SS,,A,,S,,S,A,,,,设·定604,,V1.5.4
10607,柔蔓,607,2,,,S,,A,,B,,A,,A,,,设·图,,V1.5.2
10608,柔蔓·华丽,608,3,,B,,S,,,S,,B,,A,,,设·进607,,V1.5.2
10609,柔蔓·珍稀,609,4,,S,,SS,,,A,,A,,B,,,设·进608,鹿灵枝,V1.5.2
10610,千丝蝠影,610,5,,SS,,SS,,,S,B,,,A,,,设·图,夜魄千魅,V1.5.2
10611,秋垂,611,3,,B,,S,,S,,,B,B,,,,赠·签到,,V1.5.1
10612,冰原勇士,612,4,,A,,S,,S,,A,,A,,,,设·图,陆军少校,V1.5.2
10613,海洋远征,613,4,,A,,A,,S,,SS,,A,,,,设·定612,,V1.5.2
10614,部落少女·亚麻,614,4,,,B,,SS,,SS,,A,A,,,,设·图,部落图腾,V1.5.2
10615,部落少女·炭黑,615,4,,,A,,SS,,S,,B,A,,,,设·定614,,V1.5.2
10616,部落少女·酒红,616,4,,,A,,A,S,,S,,A,,,,设·定614,,V1.5.2
10617,青春旋律·轻粉,617,4,,,A,,A,,S,,S,A,,,,设·图,青春旋律,V1.5.2
10618,青春旋律·月夜,618,4,,,A,,SS,,S,,B,A,,,,设·定617,,V1.5.2
10619,青春旋律·奶茶,619,4,,,A,,S,,S,,A,A,,,,设·定617,,V1.5.2
10620,星云·珍稀,620,4,,S,,,A,,S,,A,,A,,,设·进621,魔力星,V1.5.2
10621,星云·华丽,621,3,,B,,,S,,B,,S,,A,,,设·进622,,V1.5.2
10622,星云,622,2,,,A,,S,,A,,B,,A,,,设·图,,V1.5.2
10623,盛宴之夜,623,4,,S,,SS,,,A,,A,,B,,,设·进625,假面盛宴,V1.5.2
10624,盛宴之梦,624,4,,S,,B,,,S,B,,,A,,,设·定623,,V1.5.2
10625,交谊之夜,625,3,,A,,,S,,S,,B,,A,,,设·进626,,V1.5.2
10626,独舞之夜,626,2,,,B,,S,,S,,A,,B,,,10-3公,,V1.5.2
10627,竹君·珍稀,627,4,,A,,S,,,A,,SS,,B,,,设·进628,听竹轩,V1.5.2
10628,竹君·华丽,628,3,,,A,B,,,S,,S,,A,,,设·进629,,V1.5.2
10629,竹君,629,2,,,A,B,,,S,,S,,B,,,10-6公,,V1.5.2
10630,奢华绅士,630,3,,,A,S,,S,,B,,,A,,,10-1少,,V1.5.2
10631,奶茶店主,631,3,,,B,A,,S,,S,,,A,,,10-5少,,V1.5.2
10632,柔情,632,3,,,A,S,,S,,A,,,B,,,设·定631,,V1.5.2
10633,丹心白发,633,4,,,SS,S,,,A,,A,,A,,,设·图,月宫蟾兔,V1.4.6
10634,墨染书香,634,4,,,SS,S,,,A,,A,,A,,,设·定633,,V1.4.6
10635,粉色年华,635,4,,,A,A,,,SS,,SS,,A,,,设·定633,,V1.4.6
10636,弄青梅,636,5,,A,,S,,SS,,A,,,A,,,活动·梦恋奇迹,喜绣缘,V1.5.1
10637,藤萝,637,4,,,A,S,,SS,,,A,,A,,,活动·梦恋奇迹,紫藤花誓言,V1.5.1
10638,童心偶遇,638,5,,,S,,SS,,S,,A,,A,,,活动·梦恋奇迹,童心爱恋,V1.5.1
10639,蝴蝶缎带·淑,639,3,,A,,,S,,S,,A,,B,,,浪·幻,,V1.5.1
10640,蝴蝶缎带·柔,640,3,,B,,,S,,S,,A,,B,,,浪·幻,,V1.5.1
10641,蝴蝶缎带·俏,641,3,,A,,,A,,S,,S,,A,,,浪·幻,,V1.5.1
10642,熠熠长发,642,5,,A,,SS,,,A,,S,,B,,,浪·幻,魔术大师,V1.5.1
10643,雪灵,643,5,,S,,S,,,A,,A,,A,,,浪·幻,雪莲,V1.5.1
10644,自信满满,644,4,,,SS,S,,B,,,S,,B,,,兑·仙履,蒸汽朋克,V1.5.1
10645,自信满满·粉,645,4,,,S,,S,,SS,,A,,B,,,设·定644,,V1.5.1
10646,自信满满·金,646,4,,,A,,S,,A,,S,,A,,,设·定644,,V1.5.1
10647,自信满满·黑,647,4,,,A,SS,,S,,A,,,B,,,设·定644,,V1.5.1
10648,跃动少女,648,4,,,S,,SS,,A,,A,A,,,,店·金币,跃动少女,V1.5.2
10649,夜色少女,649,4,,,A,S,,,S,B,,A,,,,设·定648,,V1.5.2
10650,海滩少女,650,4,,,A,,A,,SS,,S,A,,,,设·定648,,V1.5.2
10652,绮幻小女巫,652,5,,A,,,SS,,SS,,S,,A,,,设·图,绮幻万圣夜,V1.5.3
10656,亚麻短发,656,4,,,A,S,,,S,,A,,A,,,赠·签到,,V1.5.3
10660,金箔珠宝,660,4,,A,,S,,SS,,,A,,A,,,设·图,黑白名媛,V1.5.2
10661,木梨花苞,661,5,,A,,S,,SS,,A,,A,,,,店·金币,素馨茉莉,V1.5.3
10662,清雅小卷,662,3,,,B,S,,S,,A,,,A,,,赠·签到,,V1.6.1
10663,绮幻小女巫·绮夜,663,5,,S,,,SS,,S,,A,A,,,,设·定652,,V1.6.1
10664,豆蔻诗,664,4,,,A,A,,,S,,SS,,A,,,兑·花园,舞蝶吟,V1.5.3
10665,青春偶像,665,4,,,S,,SS,,B,,A,A,,,,设·重构,,V1.6.1
10666,青春偶像·华丽,666,5,,A,,,S,,S,,SS,,A,,,设·进665,奇迹之心,V1.5.3
10667,青春偶像·墨染,667,5,,S,,,S,,SS,,S,,A,,,设·定666,,V1.6.1
10668,云中仙鹤,668,3,,,S,S,,B,,,A,,A,,,设·重构,,V1.6.1
10669,云中仙鹤·华丽,669,4,,B,,S,,SS,,,S,,A,,,设·进668,,V1.6.1
10670,云中仙鹤·珍稀,670,5,,A,,SS,,A,,,SS,,A,,,设·进669,鸣鹤之应,V1.5.3
10675,飘香奶茶,675,3,,A,,B,,,S,,S,B,,,,店·金币,,V1.6.1
10676,梦幻女神,676,4,,S,,S,,,A,,A,B,,,,联盟·梦幻,梦幻礼服,V1.6.1
10677,双色萌萝,677,3,,,B,A,,,S,,S,A,,,,联盟·梦幻,童话萌萝,V1.6.1
10678,行云流水,678,4,,,SS,A,,,A,,SS,,B,,,联盟·梦幻,水墨抄,V1.6.1
10679,绫罗,679,3,,B,,S,,B,,,S,A,,,,联盟·梦幻,秋水芙蓉,V1.6.1
10680,可爱公主,680,3,,,B,,S,,S,,A,,A,,,联盟·小铺,,V1.6.1
10681,青涩公主,681,4,,A,,SS,,A,,,S,,B,,,设·进680,,V1.6.1
10682,优雅公主,682,5,,A,,SS,,SS,,,S,,A,,,设·进681,公主的戎装,V1.6.1
10693,甜蜜时刻,693,3,,A,,S,,,S,,A,,B,,,店·金币,巧克力物语,V1.6.1
10694,甜蜜时刻·金,694,3,,A,,S,,,A,,S,,A,,,设·定693,,V1.6.1
10695,甜蜜时刻·粉,695,3,,A,,B,,,S,,S,,A,,,设·定693,,V1.6.1
10696,甜蜜时刻·浅棕,696,3,,B,,S,,S,,,B,,A,,,设·定693,,V1.6.1
10697,飞扬,697,3,,,B,S,,,A,,S,A,,,,店·金币,,V1.6.1
10698,云谣,698,3,,A,,S,,,B,,S,B,,,,赠,花间序,V1.6.1
10699,心月狐,699,5,,A,,SS,,A,,SS,,,A,,,活动·满天繁星,心月狐,V1.6.2
10700,亢金龙,700,5,,A,,A,,SS,,S,,,S,,,活动·满天繁星,亢金龙,V1.6.2
10711,佳人翩翩,711,5,,A,,SS,,SS,,A,,A,,,,赠·充值,花蔓定制,V1.6.2
10712,青花语,712,3,,A,,B,,,S,,S,,A,,,赠·签到,,V1.6.1
10713,公主卷发,713,5,,A,,SS,,,A,,S,A,,,,店·金币,生日贺礼,V1.6.2
10716,温顺小鹿,716,4,,A,,,A,,S,,S,S,,,,活动·圣诞节,驯鹿的祝福,V1.6.4
10717,花遇时光,717,4,,A,,S,,S,,A,,,A,,,赠,花遇时光,V1.6.4
10718,弥光,718,4,,A,,,S,,S,,S,,A,,,活动·元旦彩灯,诵霓裳,V1.6.4
10719,慕雪钟情,719,5,,SS,,A,,A,,SS,,,S,,,活动·圣诞节,缤纷圣诞夜,V1.6.4
10722,可爱小卷,722,3,,A,,,S,,S,,B,,A,,,设·图,,V1.6.3
10725,爱资哈尔公主,725,5,,,S,SS,,B,,,SS,A,,,,活动·元旦二选一,爱资哈尔公主,V1.6.4
10658,夏夜,658,3,,A,,S,,SS,,B,,,B,,,11-支1少,,V1.6.5
10683,巧笑嫣然,683,3,,,S,A,,S,,A,,,B,,,设·图,,V1.6.5
10684,巧笑嫣然·华丽,684,4,,B,,S,,SS,,A,,,A,,,设·进683,靡颜佚貌,V1.6.5
10685,巧笑嫣然·黬黑,685,4,,A,,A,,SS,,S,,,A,,,设·定684,,V1.6.5
10686,巧笑嫣然·晢白,686,4,,A,,SS,,S,,A,,,B,,,设·定684,,V1.6.5
10687,色彩调配,687,3,,,B,B,,,S,,S,,B,,,设·图,油画家,V1.6.5
10688,色彩调配·黑,688,3,,,S,,A,S,,,A,,A,,,设·定687,,V1.6.5
10689,色彩调配·红,689,3,,,A,,S,,S,,A,,B,,,设·定687,,V1.6.5
10690,蝶蛹尾,690,3,,B,,,S,,SS,,A,B,,,,设·图,红莓绢蝶,V1.6.5
10691,雅致长发,691,4,,A,,SS,,S,,A,,,A,,,设·图,亚尼拉海盗,V1.6.5
10701,蝶舞纷飞,701,3,,,S,B,,,A,,SS,B,,,,11-3公,,V1.6.5
10702,蝶舞纷飞·华丽,702,4,,A,,A,,,SS,,S,A,,,,设·进701,,V1.6.5
10703,蝶舞纷飞·珍稀,703,5,,S,,S,,S,,A,,S,,,,设·进702,蝶舞翩跹,V1.6.5
10704,蝶舞纷飞·紫蝶,704,5,,A,,A,,SS,,SS,,A,,,,设·定703,,V1.6.5
10705,蝶舞纷飞·粉蝶,705,5,,A,,S,,,SS,,SS,A,,,,设·定703,,V1.6.5
10706,草莓奶糖,706,3,,,A,,S,,S,,A,B,,,,11-6公,,V1.6.5
10707,草莓奶糖·华丽,707,4,,A,,A,,,S,,SS,A,,,,设·进706,,V1.6.5
10708,草莓奶糖·珍稀,708,5,,SS,,,A,,SS,,A,A,,,,设·进707,采撷草莓,V1.6.5
10709,草莓奶糖·黄油,709,5,,A,,S,,,SS,,SS,A,,,,设·定708,,V1.6.5
10710,草莓奶糖·可可,710,5,,A,,SS,,S,,,S,A,,,,设·定708,,V1.6.5
10734,收合千戏,734,5,,,A,S,,S,,,A,A,,,,赠·充值,卡萨布兰卡,V1.6.5
10730,春之华,730,2,,,S,B,,,B,,S,B,,,,活动·冰雪舞会,春之少女,V1.6.5
10733,纯白之风,733,5,,A,,A,,SS,,S,,A,,,,设·图,雪之女王,V1.6.5
10732,春之华·珍稀,732,4,,SS,,S,,,B,,A,A,,,,设·进731,春之少女,V1.6.5
10731,春之华·华丽,731,3,,,A,S,,,B,,S,A,,,,设·进730,,V1.6.5
10714,星悲月哀,714,3,,,B,A,,,S,,S,A,,,,赠·签到,,V1.6.5
10774,创世梵音·仪,774,5,,A,,SS,,SS,,A,,,A,,,设·定763,,V1.6.6
10773,创世梵音·灵,773,5,,A,,SS,,S,,S,,,A,,,设·定763,,V1.6.6
10772,创世梵音·凰,772,5,,SS,,A,,A,,SS,,,A,,,设·定763,,V1.6.6
10771,恋爱宝典,771,4,,,S,,A,,A,,S,A,,,,设·定721,,V1.6.6
10768,圣世天启·祭,768,5,,A,,S,,S,,S,,S,,中式古典,,设·定764,,V1.6.6
10767,圣世天启·胤,767,5,,S,,SS,,SS,,A,,A,,中式古典,,设·定764,,V1.6.6
10766,花月谣,766,5,,A,,SS,,,S,,SS,A,,中式古典,,活动·春节福袋,花月谣,V1.6.6
10765,齐天大圣,765,5,,A,,,A,SS,,SS,,S,,,,活动·春节福袋,齐天大圣,V1.6.6
10764,圣世天启,764,5,,A,,A,,SS,,S,,S,,中式古典,,浪·云禅/兑·卧云,天启之龙腾,V1.6.6
10763,创世梵音,763,5,,A,,A,,SS,,S,,S,,,,浪·云禅/兑·卧云,创世之凤舞,V1.6.6
10756,侯念儿,756,3,,,A,,S,,S,,B,B,,,,浪·云禅,,V1.6.6
10755,幽凰羽,755,4,,,S,S,,A,,A,,A,,,,浪·云禅,,V1.6.6
10754,妃月,754,5,,S,,SS,,A,,,S,S,,中式古典,,设·定752,,V1.6.6
10753,素月,753,5,,A,,SS,,SS,,,A,A,,中式古典,,设·定752,,V1.6.6
10752,玄月,752,5,,A,,SS,,SS,,,A,A,,中式古典,,浪·云禅,,V1.6.6
10751,寒木春华·粉,751,3,,,B,A,,,S,,S,A,,,,设·定748,,V1.6.6
10750,寒木春华·白,750,3,,,B,S,,S,,,A,A,,,,设·定748,,V1.6.6
10749,寒木春华·银,749,3,,,A,S,,B,,,S,B,,,,设·定748,,V1.6.6
10748,寒木春华·黑,748,3,,B,,S,,S,,,A,,B,,,浪·云禅,,V1.6.6
10746,悲诵竹,746,5,,A,,SS,,SS,,,A,A,,中式古典,,活动·春节福袋,竹夜歌,V1.6.6
10745,可可慕斯·华丽,745,5,,SS,,SS,,A,,S,,A,,,,设·进744,爱之王冠,V1.6.6
10744,可可慕斯,744,4,,A,,SS,,SS,,,A,B,,,,联盟·小铺,,V1.6.6
10742,一叶愿,742,4,,A,,,S,,S,,A,A,,,,兑·花园,三叶恋,V1.6.6
10741,贵妇短发,741,5,,A,,SS,,SS,,A,,,A,,,活动·春节福袋,羁绊娇犬,V1.6.6
10735,福祉铃喵,735,5,,A,,,SS,,SS,,S,,A,,,活动·春节福袋,福祉铃喵,V1.6.6
10721,恋爱少女,721,4,,,SS,,A,,A,,SS,B,,,,联盟·梦幻,恋爱法则,V1.6.6
10715,缤纷柠果,715,4,,A,,,S,,SS,A,,A,,,,兑·仙履,芸香柠檬,V1.6.6
10770,艾思·红紫,770,4,,A,,,S,B,,,SS,A,,,,设·定720,,V1.6.6
10769,艾思·暗紫,769,4,,A,,,S,A,,,S,B,,,,设·定720,,V1.6.6
10762,魅惑佳人·终章,762,6,,S,,SS,,SS,,S,,A,,,,设·定760,,V1.6.6
10761,魅惑佳人·奇迹,761,6,,S,,SS,,S,,,SS,A,,,,设·定760,,V1.6.6
10760,魅惑佳人,760,6,,A,,SS,,SS,,A,,A,,,,设·进759,格莱斯,V1.6.6
10759,凌乱纷扰,759,5,,,S,A,,SS,,SS,,B,,,,设·图,提线格莱斯,V1.6.6
10720,艾思,720,4,,,S,,SS,,A,A,,,A,,,联盟·梦幻,戎衣女侠,V1.6.6
10758,泼墨邂倾心,758,5,,A,,SS,,SS,,S,,A,,中式古典,,活动·春节二选一,踏雪寻梅,V1.6.6
10738,小桃红,738,4,,A,,SS,,S,,B,,,A,中式现代,,活动·春节二选一,鸿运春桃,V1.6.6
10757,银丝牵绊,757,3,,A,,,A,,S,,S,A,,,,活动·情人节,蜜语甜心,V1.6.6
10747,柔情似水,747,4,,A,,S,,S,,,A,A,,,,活动·情人节,玫瑰情浓,V1.6.6
10737,红丝绕,737,5,,A,,,SS,,SS,,S,,A,,,赠,金猴送福,V1.6.6
10736,双瑞,736,5,,A,,,SS,,SS,,A,,A,中式现代,小动物,暂无,灵猴献瑞,V1.6.6